OCCURRED ON,UCR CRIME CATEGORY,PREMISE TYPE
01/01/2024 0:00,LARCENY-THEFT,SINGLE FAMILY HOUSE
01/01/2024 0:00,LARCENY-THEFT,STOREROOM/SHED (COMMERCIAL)
01/01/2024 0:00,ARSON,
01/01/2024 0:00,BURGLARY,SPECIALTY STORE
01/01/2024 0:00,LARCENY-THEFT,APARTMENT
01/01/2024 0:00,LARCENY-THEFT,SINGLE FAMILY HOUSE
01/01/2024 0:00,LARCENY-THEFT,PARKING LOT
01/01/2024 0:00,BURGLARY,STOREROOM/SHED (COMMERCIAL)
01/01/2024 0:00,MOTOR VEHICLE THEFT,STREET / ROADWAY / SIDEWALK
01/01/2024 0:00,BURGLARY,OTHER
01/01/2024 0:00,LARCENY-THEFT,APARTMENT
01/01/2024 0:00,DRUG OFFENSE,BUS STOP
01/01/2024 0:00,RAPE,ALLEY
01/01/2024 0:00,BURGLARY,SINGLE FAMILY HOUSE
01/01/2024 0:00,LARCENY-THEFT,APARTMENT
01/01/2024 0:00,LARCENY-THEFT,APARTMENT
01/01/2024 0:00,MOTOR VEHICLE THEFT,GROUP HOME
01/01/2024 0:00,LARCENY-THEFT,PARK / PLAYGROUND
01/01/2024 0:00,DRUG OFFENSE,VEHICLE
01/01/2024 0:00,BURGLARY,STOREROOM/SHED (COMMERCIAL)
01/01/2024 0:00,LARCENY-THEFT,PARKING LOT
01/01/2024 0:01,LARCENY-THEFT,STREET / ROADWAY / SIDEWALK
01/01/2024 0:03,AGGRAVATED ASSAULT,SINGLE FAMILY HOUSE
01/01/2024 0:10,LARCENY-THEFT,OTHER
01/01/2024 0:10,AGGRAVATED ASSAULT,STREET / ROADWAY / SIDEWALK
01/01/2024 0:15,LARCENY-THEFT,APARTMENT
01/01/2024 0:18,MOTOR VEHICLE THEFT,APARTMENT
01/01/2024 0:22,AGGRAVATED ASSAULT,SINGLE FAMILY HOUSE
01/01/2024 0:30,LARCENY-THEFT,VEHICLE
01/01/2024 0:30,LARCENY-THEFT,SINGLE FAMILY HOUSE
01/01/2024 0:30,ROBBERY,VEHICLE
01/01/2024 0:30,LARCENY-THEFT,BAR / LOUNG / NIGHT CLUB
01/01/2024 0:48,AGGRAVATED ASSAULT,SINGLE FAMILY HOUSE
01/01/2024 1:00,AGGRAVATED ASSAULT,BUS STOP
01/01/2024 1:00,MOTOR VEHICLE THEFT,APARTMENT
01/01/2024 1:00,BURGLARY,APARTMENT
01/01/2024 1:00,AGGRAVATED ASSAULT,SINGLE FAMILY HOUSE
01/01/2024 1:00,LARCENY-THEFT,DRIVEWAY
01/01/2024 1:01,LARCENY-THEFT,SINGLE FAMILY HOUSE
01/01/2024 1:30,MOTOR VEHICLE THEFT,APARTMENT
01/01/2024 1:30,LARCENY-THEFT,ADULT ONLY STORE / MOVIE
01/01/2024 1:30,LARCENY-THEFT,STREET / ROADWAY / SIDEWALK
01/01/2024 1:39,ARSON,SINGLE FAMILY HOUSE
01/01/2024 1:40,BURGLARY,CONDO / TOWNHOUSE
01/01/2024 1:45,ARSON,PARK / PLAYGROUND
01/01/2024 1:45,AGGRAVATED ASSAULT,OTHER
01/01/2024 2:00,RAPE,VEHICLE
01/01/2024 2:00,MOTOR VEHICLE THEFT,HOTEL / MOTEL
01/01/2024 2:04,MOTOR VEHICLE THEFT,FENCED COMMERCIAL YARD
01/01/2024 2:14,LARCENY-THEFT,CONVENIENCE MARKET / STORE
01/01/2024 2:30,AGGRAVATED ASSAULT,STREET / ROADWAY / SIDEWALK
01/01/2024 2:58,AGGRAVATED ASSAULT,APARTMENT
01/01/2024 3:00,LARCENY-THEFT,SINGLE FAMILY HOUSE
01/01/2024 3:10,ROBBERY,VEHICLE
01/01/2024 3:24,AGGRAVATED ASSAULT,SINGLE FAMILY HOUSE
01/01/2024 4:00,ARSON,SINGLE FAMILY HOUSE
01/01/2024 5:00,BURGLARY,APARTMENT
01/01/2024 5:00,ROBBERY,STREET / ROADWAY / SIDEWALK
01/01/2024 20:00,LARCENY-THEFT,PARKING LOT
01/01/2024 20:00,LARCENY-THEFT,APARTMENT
01/01/2024 20:30,MOTOR VEHICLE THEFT,APARTMENT
01/01/2024 20:34,LARCENY-THEFT,DRUG STORE
01/01/2024 21:00,LARCENY-THEFT,SINGLE FAMILY HOUSE
01/01/2024 21:00,LARCENY-THEFT,APARTMENT
01/01/2024 21:20,MOTOR VEHICLE THEFT,APARTMENT
01/01/2024 21:30,LARCENY-THEFT,FENCED COMMERCIAL YARD
01/01/2024 21:30,AGGRAVATED ASSAULT,SINGLE FAMILY HOUSE
01/01/2024 22:00,MOTOR VEHICLE THEFT,APARTMENT
01/01/2024 22:00,LARCENY-THEFT,CONVENIENCE MARKET / STORE
01/01/2024 22:00,LARCENY-THEFT,APARTMENT
01/01/2024 22:03,ROBBERY,SINGLE FAMILY HOUSE
01/01/2024 22:20,LARCENY-THEFT,THEATRE
01/01/2024 22:28,AGGRAVATED ASSAULT,APARTMENT
01/01/2024 22:33,LARCENY-THEFT,FAST FOOD STORE
01/01/2024 23:00,LARCENY-THEFT,CONVENIENCE MARKET / STORE
01/01/2024 23:00,LARCENY-THEFT,VEHICLE
01/01/2024 23:11,RAPE,APARTMENT
01/01/2024 23:15,AGGRAVATED ASSAULT,ALLEY
01/01/2024 23:30,LARCENY-THEFT,VEHICLE
01/01/2024 23:30,MOTOR VEHICLE THEFT,DRIVEWAY
01/02/2024 0:00,LARCENY-THEFT,FENCED RESIDENTIAL YARD
01/02/2024 0:00,DRUG OFFENSE,STREET / ROADWAY / SIDEWALK
01/02/2024 0:00,DRUG OFFENSE,VEHICLE
01/02/2024 0:00,MOTOR VEHICLE THEFT,DRIVEWAY
01/02/2024 0:00,AGGRAVATED ASSAULT,APARTMENT
01/02/2024 0:00,LARCENY-THEFT,FENCED RESIDENTIAL YARD
01/02/2024 0:00,LARCENY-THEFT,CONDO / TOWNHOUSE
01/02/2024 0:00,LARCENY-THEFT,VEHICLE
01/02/2024 0:00,BURGLARY,STOREROOM/SHED (COMMERCIAL)
01/02/2024 0:00,DRUG OFFENSE,VEHICLE
01/02/2024 0:00,LARCENY-THEFT,OTHER
01/02/2024 0:00,LARCENY-THEFT,FENCED COMMERCIAL YARD
01/02/2024 0:00,LARCENY-THEFT,WAREHOUSE / FACTORY
01/02/2024 0:00,LARCENY-THEFT,PARKING LOT
01/02/2024 0:00,BURGLARY,SINGLE FAMILY HOUSE
01/02/2024 0:00,DRUG OFFENSE,STREET / ROADWAY / SIDEWALK
01/02/2024 0:00,DRUG OFFENSE,BUS STOP
01/02/2024 0:13,ARSON,
01/02/2024 0:24,AGGRAVATED ASSAULT,STREET / ROADWAY / SIDEWALK
01/02/2024 0:31,DRUG OFFENSE,STREET / ROADWAY / SIDEWALK
01/02/2024 0:41,LARCENY-THEFT,FENCED COMMERCIAL YARD
01/02/2024 0:51,LARCENY-THEFT,CONVENIENCE MARKET / STORE
01/02/2024 0:57,BURGLARY,APARTMENT
01/02/2024 1:00,BURGLARY,GARAGE
01/02/2024 1:00,LARCENY-THEFT,CONDO / TOWNHOUSE
01/02/2024 1:48,LARCENY-THEFT,FENCED COMMERCIAL YARD
01/02/2024 2:04,LARCENY-THEFT,DRIVEWAY
01/02/2024 2:10,LARCENY-THEFT,APARTMENT
01/02/2024 2:30,LARCENY-THEFT,SHOPPING MALL
01/02/2024 3:00,BURGLARY,FAST FOOD STORE
01/02/2024 3:00,RAPE,SINGLE FAMILY HOUSE
01/02/2024 3:20,LARCENY-THEFT,VEHICLE
01/02/2024 3:25,LARCENY-THEFT,DRIVEWAY
01/02/2024 4:00,LARCENY-THEFT,PARKING LOT
01/02/2024 4:38,ARSON,STREET / ROADWAY / SIDEWALK
01/02/2024 20:00,RAPE,VEHICLE
01/02/2024 20:00,MOTOR VEHICLE THEFT,APARTMENT
01/02/2024 20:00,AGGRAVATED ASSAULT,APARTMENT
01/02/2024 20:00,RAPE,APARTMENT
01/02/2024 20:15,LARCENY-THEFT,DEPARTMENT / DISCOUNT STORE
01/02/2024 20:35,LARCENY-THEFT,CONSTRUCTION SITE
01/02/2024 20:44,LARCENY-THEFT,DEPARTMENT / DISCOUNT STORE
01/02/2024 20:50,LARCENY-THEFT,DEPARTMENT / DISCOUNT STORE
01/02/2024 20:54,LARCENY-THEFT,CONVENIENCE MARKET / STORE
01/02/2024 21:00,MOTOR VEHICLE THEFT,APARTMENT
01/02/2024 21:00,LARCENY-THEFT,APARTMENT
01/02/2024 21:00,MOTOR VEHICLE THEFT,STREET / ROADWAY / SIDEWALK
01/02/2024 21:00,LARCENY-THEFT,DEPARTMENT / DISCOUNT STORE
01/02/2024 21:00,LARCENY-THEFT,DRIVEWAY
01/02/2024 21:00,MOTOR VEHICLE THEFT,APARTMENT
01/02/2024 21:16,ROBBERY,STREET / ROADWAY / SIDEWALK
01/02/2024 21:30,AGGRAVATED ASSAULT,STREET / ROADWAY / SIDEWALK
01/02/2024 21:30,AGGRAVATED ASSAULT,APARTMENT
01/02/2024 22:00,MOTOR VEHICLE THEFT,STREET / ROADWAY / SIDEWALK
01/02/2024 22:00,LARCENY-THEFT,PARKING LOT
01/02/2024 22:00,AGGRAVATED ASSAULT,SINGLE FAMILY HOUSE
01/02/2024 22:00,MOTOR VEHICLE THEFT,APARTMENT
01/02/2024 22:03,ROBBERY,FAST FOOD STORE
01/02/2024 22:30,ROBBERY,STREET / ROADWAY / SIDEWALK
01/02/2024 22:30,LARCENY-THEFT,APARTMENT
01/02/2024 23:00,LARCENY-THEFT,APARTMENT
01/02/2024 23:00,MOTOR VEHICLE THEFT,SINGLE FAMILY HOUSE
01/02/2024 23:00,MOTOR VEHICLE THEFT,APARTMENT
01/02/2024 23:00,BURGLARY,APARTMENT
01/02/2024 23:12,DRUG OFFENSE,APARTMENT
01/02/2024 23:52,ROBBERY,APARTMENT
01/03/2024 0:00,LARCENY-THEFT,SINGLE FAMILY HOUSE
01/03/2024 0:00,DRUG OFFENSE,VEHICLE
01/03/2024 0:00,BURGLARY,RENTAL STORAGE / FACILITY
01/03/2024 0:00,LARCENY-THEFT,SINGLE FAMILY HOUSE
01/03/2024 0:00,MOTOR VEHICLE THEFT,AUTO DEALERSHIP NEW/USED
01/03/2024 0:00,LARCENY-THEFT,SINGLE FAMILY HOUSE
01/03/2024 0:00,RAPE,HOTEL / MOTEL
01/03/2024 0:00,DRUG OFFENSE,GAS / SERVICE STATION
01/03/2024 0:00,ARSON,
01/03/2024 0:00,BURGLARY,SINGLE FAMILY HOUSE
01/03/2024 0:00,LARCENY-THEFT,AIRPORT
01/03/2024 0:00,LARCENY-THEFT,SINGLE FAMILY HOUSE
01/03/2024 0:00,LARCENY-THEFT,OPEN SPACE / DESERT
01/03/2024 0:01,BURGLARY,GARAGE
01/03/2024 0:01,LARCENY-THEFT,FENCED COMMERCIAL YARD
01/03/2024 0:15,BURGLARY,SINGLE FAMILY HOUSE
01/03/2024 0:20,AGGRAVATED ASSAULT,STREET / ROADWAY / SIDEWALK
01/03/2024 0:30,BURGLARY,STOREROOM/SHED (COMMERCIAL)
01/03/2024 0:38,LARCENY-THEFT,FENCED COMMERCIAL YARD
01/03/2024 1:00,LARCENY-THEFT,FENCED COMMERCIAL YARD
01/03/2024 1:00,LARCENY-THEFT,DRIVEWAY
01/03/2024 1:00,MOTOR VEHICLE THEFT,APARTMENT
01/03/2024 1:09,AGGRAVATED ASSAULT,GAS / SERVICE STATION
01/03/2024 2:00,LARCENY-THEFT,APARTMENT
01/03/2024 2:00,LARCENY-THEFT,STREET / ROADWAY / SIDEWALK
01/03/2024 2:24,DRUG OFFENSE,OTHER
01/03/2024 3:02,LARCENY-THEFT,DRIVEWAY
01/03/2024 3:44,MOTOR VEHICLE THEFT,SINGLE FAMILY HOUSE
01/03/2024 3:49,BURGLARY,SPECIALTY STORE
01/03/2024 3:50,MOTOR VEHICLE THEFT,STREET / ROADWAY / SIDEWALK
01/03/2024 3:56,AGGRAVATED ASSAULT,APARTMENT
01/03/2024 4:00,LARCENY-THEFT,PARK / PLAYGROUND
01/03/2024 4:57,AGGRAVATED ASSAULT,VEHICLE
01/03/2024 20:00,LARCENY-THEFT,OFFICE / COMMERCIAL BUILDING
01/03/2024 20:00,DRUG OFFENSE,STREET / ROADWAY / SIDEWALK
01/03/2024 20:15,MOTOR VEHICLE THEFT,DRIVEWAY
01/03/2024 20:20,LARCENY-THEFT,DEPARTMENT / DISCOUNT STORE
01/03/2024 20:25,AGGRAVATED ASSAULT,APARTMENT
01/03/2024 20:29,LARCENY-THEFT,DEPARTMENT / DISCOUNT STORE
01/03/2024 20:30,MOTOR VEHICLE THEFT,APARTMENT
01/03/2024 20:31,LARCENY-THEFT,GROCERY / SUPER MARKET
01/03/2024 20:40,LARCENY-THEFT,DEPARTMENT / DISCOUNT STORE
01/03/2024 20:56,MOTOR VEHICLE THEFT,STREET / ROADWAY / SIDEWALK
01/03/2024 21:00,RAPE,ALLEY
01/03/2024 21:00,LARCENY-THEFT,APARTMENT
01/03/2024 21:10,LARCENY-THEFT,CONVENIENCE MARKET / STORE
01/03/2024 21:15,LARCENY-THEFT,AIRPORT
01/03/2024 21:25,LARCENY-THEFT,STREET / ROADWAY / SIDEWALK
01/03/2024 21:30,LARCENY-THEFT,OTHER
01/03/2024 21:50,LARCENY-THEFT,WAREHOUSE / FACTORY
01/03/2024 22:00,LARCENY-THEFT,MOBILE HOME
01/03/2024 22:00,MOTOR VEHICLE THEFT,APARTMENT
01/03/2024 22:28,BURGLARY,GARAGE
01/03/2024 22:30,ROBBERY,STREET / ROADWAY / SIDEWALK
01/03/2024 23:00,MOTOR VEHICLE THEFT,APARTMENT
01/03/2024 23:00,LARCENY-THEFT,VEHICLE
01/03/2024 23:00,LARCENY-THEFT,PARKING LOT
01/04/2024 0:00,BURGLARY,APARTMENT
01/04/2024 0:00,DRUG OFFENSE,GAS / SERVICE STATION
01/04/2024 0:00,LARCENY-THEFT,APARTMENT
01/04/2024 0:00,LARCENY-THEFT,VEHICLE
01/04/2024 0:00,LARCENY-THEFT,OTHER
01/04/2024 0:00,BURGLARY,APARTMENT
01/04/2024 0:00,LARCENY-THEFT,DEPARTMENT / DISCOUNT STORE
01/04/2024 0:00,LARCENY-THEFT,DEPARTMENT / DISCOUNT STORE
01/04/2024 0:00,LARCENY-THEFT,PARKING LOT
01/04/2024 0:00,LARCENY-THEFT,SPECIALTY STORE
01/04/2024 0:00,LARCENY-THEFT,VEHICLE
01/04/2024 0:00,LARCENY-THEFT,UNKNOWN
01/04/2024 0:00,LARCENY-THEFT,UNKNOWN
01/04/2024 0:00,DRUG OFFENSE,SHELTER-MISSION/HOMELESS
01/04/2024 0:01,LARCENY-THEFT,HOSPITAL
01/04/2024 1:00,LARCENY-THEFT,CONDO / TOWNHOUSE
01/04/2024 1:00,RAPE,CONDO / TOWNHOUSE
01/04/2024 1:15,ROBBERY,APARTMENT
01/04/2024 1:24,LARCENY-THEFT,CONVENIENCE MARKET / STORE
01/04/2024 1:30,LARCENY-THEFT,APARTMENT
01/04/2024 1:30,MOTOR VEHICLE THEFT,SINGLE FAMILY HOUSE
01/04/2024 1:52,DRUG OFFENSE,PARKING LOT
01/04/2024 2:10,LARCENY-THEFT,VEHICLE
01/04/2024 2:15,LARCENY-THEFT,SINGLE FAMILY HOUSE
01/04/2024 2:20,BURGLARY,OFFICE / COMMERCIAL BUILDING
01/04/2024 2:45,LARCENY-THEFT,SINGLE FAMILY HOUSE
01/04/2024 2:52,AGGRAVATED ASSAULT,STREET / ROADWAY / SIDEWALK
01/04/2024 2:56,DRUG OFFENSE,STREET / ROADWAY / SIDEWALK
01/04/2024 3:00,MOTOR VEHICLE THEFT,STREET / ROADWAY / SIDEWALK
01/04/2024 3:00,LARCENY-THEFT,APARTMENT
01/04/2024 3:25,ARSON,APARTMENT
01/04/2024 3:25,LARCENY-THEFT,CONVENIENCE MARKET / STORE
01/04/2024 4:00,LARCENY-THEFT,PARKING LOT
01/04/2024 4:16,DRUG OFFENSE,PARKING LOT
01/04/2024 20:00,BURGLARY,SPECIALTY STORE
01/04/2024 20:00,AGGRAVATED ASSAULT,SINGLE FAMILY HOUSE
01/04/2024 20:00,BURGLARY,STOREROOM/SHED (COMMERCIAL)
01/04/2024 20:00,MOTOR VEHICLE THEFT,SINGLE FAMILY HOUSE
01/04/2024 20:21,AGGRAVATED ASSAULT,STREET / ROADWAY / SIDEWALK
01/04/2024 20:41,BURGLARY,DEPARTMENT / DISCOUNT STORE
01/04/2024 21:00,LARCENY-THEFT,STREET / ROADWAY / SIDEWALK
01/04/2024 21:00,LARCENY-THEFT,PARKING LOT
01/04/2024 21:00,LARCENY-THEFT,PARKING GARAGE
01/04/2024 21:00,LARCENY-THEFT,SPECIALTY STORE
01/04/2024 21:13,LARCENY-THEFT,CONVENIENCE MARKET / STORE
01/04/2024 21:52,LARCENY-THEFT,CONVENIENCE MARKET / STORE
01/04/2024 22:00,LARCENY-THEFT,DRIVEWAY
01/04/2024 22:00,MOTOR VEHICLE THEFT,STREET / ROADWAY / SIDEWALK
01/04/2024 22:00,BURGLARY,CONSTRUCTION SITE
01/04/2024 22:29,AGGRAVATED ASSAULT,STREET / ROADWAY / SIDEWALK
01/04/2024 22:30,LARCENY-THEFT,VEHICLE
01/04/2024 22:30,BURGLARY,FAST FOOD STORE
01/04/2024 22:50,AGGRAVATED ASSAULT,CONVENIENCE MARKET / STORE
01/04/2024 23:00,MOTOR VEHICLE THEFT,DRIVEWAY
01/04/2024 23:00,LARCENY-THEFT,PARKING LOT
01/04/2024 23:00,MOTOR VEHICLE THEFT,DRIVEWAY
01/04/2024 23:00,MOTOR VEHICLE THEFT,APARTMENT
01/04/2024 23:00,LARCENY-THEFT,VEHICLE
01/04/2024 23:00,AGGRAVATED ASSAULT,APARTMENT
01/04/2024 23:00,LARCENY-THEFT,PARKING LOT
01/04/2024 23:30,MOTOR VEHICLE THEFT,SINGLE FAMILY HOUSE
01/04/2024 23:50,LARCENY-THEFT,PARKING LOT
01/04/2024 23:52,DRUG OFFENSE,STREET / ROADWAY / SIDEWALK
01/05/2024 0:00,LARCENY-THEFT,SPECIALTY STORE
01/05/2024 0:00,BURGLARY,SINGLE FAMILY HOUSE
01/05/2024 0:00,LARCENY-THEFT,AIRPORT
01/05/2024 0:00,LARCENY-THEFT,AIRPORT
01/05/2024 0:00,LARCENY-THEFT,SINGLE FAMILY HOUSE
01/05/2024 0:00,LARCENY-THEFT,UNKNOWN
01/05/2024 0:00,AGGRAVATED ASSAULT,STREET / ROADWAY / SIDEWALK
01/05/2024 0:00,DRUG OFFENSE,OFFICE / COMMERCIAL BUILDING
01/05/2024 0:00,DRUG OFFENSE,VEHICLE
01/05/2024 0:00,BURGLARY,CONSTRUCTION SITE
01/05/2024 0:00,RAPE,SINGLE FAMILY HOUSE
01/05/2024 0:00,LARCENY-THEFT,PARKING LOT
01/05/2024 0:00,DRUG OFFENSE,GAS / SERVICE STATION
01/05/2024 0:00,LARCENY-THEFT,OFFICE / COMMERCIAL BUILDING
01/05/2024 0:00,BURGLARY,CONSTRUCTION SITE
01/05/2024 0:00,DRUG OFFENSE,PARKING LOT
01/05/2024 0:00,LARCENY-THEFT,DRIVEWAY
01/05/2024 0:00,BURGLARY,SINGLE FAMILY HOUSE
01/05/2024 0:00,AGGRAVATED ASSAULT,STREET / ROADWAY / SIDEWALK
01/05/2024 0:01,LARCENY-THEFT,FENCED COMMERCIAL YARD
01/05/2024 0:01,LARCENY-THEFT,APARTMENT
01/05/2024 0:01,AGGRAVATED ASSAULT,APARTMENT
01/05/2024 0:30,LARCENY-THEFT,SINGLE FAMILY HOUSE
01/05/2024 1:00,MOTOR VEHICLE THEFT,APARTMENT
01/05/2024 1:01,LARCENY-THEFT,DRIVEWAY
01/05/2024 1:30,LARCENY-THEFT,PARKING LOT
01/05/2024 1:34,DRUG OFFENSE,BUS STOP
01/05/2024 2:00,MOTOR VEHICLE THEFT,APARTMENT
01/05/2024 2:00,LARCENY-THEFT,APARTMENT
01/05/2024 3:00,BURGLARY,DEPARTMENT / DISCOUNT STORE
01/05/2024 3:00,LARCENY-THEFT,SPECIALTY STORE
01/05/2024 3:00,LARCENY-THEFT,APARTMENT
01/05/2024 3:36,BURGLARY,OFFICE / COMMERCIAL BUILDING
01/05/2024 3:59,MOTOR VEHICLE THEFT,UNKNOWN
01/05/2024 4:00,MOTOR VEHICLE THEFT,STREET / ROADWAY / SIDEWALK
01/05/2024 4:30,BURGLARY,APARTMENT
01/05/2024 4:56,MOTOR VEHICLE THEFT,HOTEL / MOTEL
01/05/2024 20:00,MOTOR VEHICLE THEFT,STREET / ROADWAY / SIDEWALK
01/05/2024 20:00,BURGLARY,SINGLE FAMILY HOUSE
01/05/2024 20:00,LARCENY-THEFT,OTHER
01/05/2024 20:00,MOTOR VEHICLE THEFT,STREET / ROADWAY / SIDEWALK
01/05/2024 20:24,AGGRAVATED ASSAULT,APARTMENT
01/05/2024 21:00,MOTOR VEHICLE THEFT,GROCERY / SUPER MARKET
01/05/2024 21:00,MOTOR VEHICLE THEFT,APARTMENT
01/05/2024 21:00,MOTOR VEHICLE THEFT,APARTMENT
01/05/2024 21:00,LARCENY-THEFT,PARKING LOT
01/05/2024 21:00,LARCENY-THEFT,PARKING LOT
01/05/2024 21:00,LARCENY-THEFT,VEHICLE
01/05/2024 21:01,AGGRAVATED ASSAULT,APARTMENT
01/05/2024 21:08,AGGRAVATED ASSAULT,STREET / ROADWAY / SIDEWALK
01/05/2024 21:30,MOTOR VEHICLE THEFT,APARTMENT
01/05/2024 21:30,AGGRAVATED ASSAULT,STREET / ROADWAY / SIDEWALK
01/05/2024 21:54,AGGRAVATED ASSAULT,VEHICLE
01/05/2024 22:00,LARCENY-THEFT,FENCED RESIDENTIAL YARD
01/05/2024 22:03,BURGLARY,SCHOOL-ELEMENTARY/SECONDARY
01/05/2024 22:12,ARSON,SINGLE FAMILY HOUSE
01/05/2024 22:42,ROBBERY,STREET / ROADWAY / SIDEWALK
01/05/2024 22:55,BURGLARY,CONVENIENCE MARKET / STORE
01/05/2024 23:00,LARCENY-THEFT,APARTMENT
01/05/2024 23:00,LARCENY-THEFT,VEHICLE
01/05/2024 23:30,LARCENY-THEFT,VEHICLE
01/05/2024 23:45,LARCENY-THEFT,VEHICLE
01/06/2024 0:00,DRUG OFFENSE,STREET / ROADWAY / SIDEWALK
01/06/2024 0:00,DRUG OFFENSE,PARKING LOT
01/06/2024 0:00,LARCENY-THEFT,VEHICLE
01/06/2024 0:00,LARCENY-THEFT,PARKING LOT
01/06/2024 0:00,LARCENY-THEFT,OFFICE / COMMERCIAL BUILDING
01/06/2024 0:00,LARCENY-THEFT,FENCED RESIDENTIAL YARD
01/06/2024 0:00,MOTOR VEHICLE THEFT,APARTMENT
01/06/2024 0:00,LARCENY-THEFT,STREET / ROADWAY / SIDEWALK
01/06/2024 0:00,BURGLARY,STOREROOM/SHED (RESIDENTIAL)
01/06/2024 0:01,BURGLARY,APARTMENT
01/06/2024 0:01,LARCENY-THEFT,APARTMENT
01/06/2024 0:30,LARCENY-THEFT,RESTAURANT
01/06/2024 0:54,AGGRAVATED ASSAULT,CONVENIENCE MARKET / STORE
01/06/2024 1:00,LARCENY-THEFT,STREET / ROADWAY / SIDEWALK
01/06/2024 1:00,MOTOR VEHICLE THEFT,HOTEL / MOTEL
01/06/2024 1:00,LARCENY-THEFT,APARTMENT
01/06/2024 1:59,ROBBERY,SINGLE FAMILY HOUSE
01/06/2024 2:00,ROBBERY,PARKING GARAGE
01/06/2024 2:00,MOTOR VEHICLE THEFT,APARTMENT
01/06/2024 2:00,BURGLARY,FAST FOOD STORE
01/06/2024 2:29,LARCENY-THEFT,CONVENIENCE MARKET / STORE
01/06/2024 2:37,ROBBERY,STREET / ROADWAY / SIDEWALK
01/06/2024 3:00,MOTOR VEHICLE THEFT,STREET / ROADWAY / SIDEWALK
01/06/2024 3:30,BURGLARY,SPECIALTY STORE
01/06/2024 4:00,MOTOR VEHICLE THEFT,STREET / ROADWAY / SIDEWALK
01/06/2024 4:00,RAPE,APARTMENT
01/06/2024 4:17,MOTOR VEHICLE THEFT,RENTAL STORAGE / FACILITY
01/06/2024 4:49,LARCENY-THEFT,FENCED RESIDENTIAL YARD
01/06/2024 5:00,MOTOR VEHICLE THEFT,OFFICE / COMMERCIAL BUILDING
01/06/2024 20:00,MOTOR VEHICLE THEFT,STREET / ROADWAY / SIDEWALK
01/06/2024 20:00,AGGRAVATED ASSAULT,RESTAURANT
01/06/2024 20:00,LARCENY-THEFT,OTHER
01/06/2024 20:00,MOTOR VEHICLE THEFT,DRIVEWAY
01/06/2024 20:00,LARCENY-THEFT,CONVENIENCE MARKET / STORE
01/06/2024 20:30,LARCENY-THEFT,CONVENIENCE MARKET / STORE
01/06/2024 20:30,AGGRAVATED ASSAULT,STREET / ROADWAY / SIDEWALK
01/06/2024 20:30,LARCENY-THEFT,STREET / ROADWAY / SIDEWALK
01/06/2024 20:40,AGGRAVATED ASSAULT,APARTMENT
01/06/2024 20:55,LARCENY-THEFT,DEPARTMENT / DISCOUNT STORE
01/06/2024 20:55,LARCENY-THEFT,DEPARTMENT / DISCOUNT STORE
01/06/2024 21:00,LARCENY-THEFT,APARTMENT
01/06/2024 21:14,AGGRAVATED ASSAULT,STREET / ROADWAY / SIDEWALK
01/06/2024 21:37,AGGRAVATED ASSAULT,APARTMENT
01/06/2024 21:45,LARCENY-THEFT,SINGLE FAMILY HOUSE
01/06/2024 22:00,LARCENY-THEFT,APARTMENT
01/06/2024 22:00,AGGRAVATED ASSAULT,STREET / ROADWAY / SIDEWALK
01/06/2024 22:15,LARCENY-THEFT,DRIVEWAY
01/06/2024 22:30,LARCENY-THEFT,HOTEL / MOTEL
01/06/2024 22:30,MOTOR VEHICLE THEFT,STREET / ROADWAY / SIDEWALK
01/06/2024 22:35,AGGRAVATED ASSAULT,HOTEL / MOTEL
01/06/2024 22:51,LARCENY-THEFT,APARTMENT
01/06/2024 23:00,LARCENY-THEFT,SINGLE FAMILY HOUSE
01/06/2024 23:00,MOTOR VEHICLE THEFT,STREET / ROADWAY / SIDEWALK
01/06/2024 23:18,DRUG OFFENSE,STREET / ROADWAY / SIDEWALK
01/06/2024 23:24,ROBBERY,STREET / ROADWAY / SIDEWALK
01/07/2024 0:00,ROBBERY,RESTAURANT
01/07/2024 0:00,DRUG OFFENSE,CANAL / RIGHT-OF-WAY
01/07/2024 0:00,DRUG OFFENSE,VEHICLE
01/07/2024 0:00,BURGLARY,RESTAURANT
01/07/2024 0:00,DRUG OFFENSE,VEHICLE
01/07/2024 0:00,LARCENY-THEFT,VEHICLE
01/07/2024 0:00,LARCENY-THEFT,DRIVEWAY
01/07/2024 0:00,MOTOR VEHICLE THEFT,DRIVEWAY
01/07/2024 0:00,DRUG OFFENSE,PARK / PLAYGROUND
01/07/2024 0:00,ARSON,ABANDONED/CONDEMNED STRUCTURE
01/07/2024 0:00,MOTOR VEHICLE THEFT,STREET / ROADWAY / SIDEWALK
01/07/2024 0:00,MOTOR VEHICLE THEFT,APARTMENT
01/07/2024 0:00,BURGLARY,SINGLE FAMILY HOUSE
01/07/2024 0:00,ARSON,
01/07/2024 0:00,DRUG OFFENSE,RETAIL BUSINESS
01/07/2024 0:15,LARCENY-THEFT,CONVENIENCE MARKET / STORE
01/07/2024 0:20,BURGLARY,APARTMENT
01/07/2024 0:29,AGGRAVATED ASSAULT,SHOPPING MALL
01/07/2024 1:00,MOTOR VEHICLE THEFT,STREET / ROADWAY / SIDEWALK
01/07/2024 1:00,ROBBERY,STREET / ROADWAY / SIDEWALK
01/07/2024 1:28,MOTOR VEHICLE THEFT,STREET / ROADWAY / SIDEWALK
01/07/2024 1:30,LARCENY-THEFT,SINGLE FAMILY HOUSE
01/07/2024 1:50,MOTOR VEHICLE THEFT,STREET / ROADWAY / SIDEWALK
01/07/2024 2:00,ROBBERY,DRUG STORE
01/07/2024 2:00,RAPE,VEHICLE
01/07/2024 2:00,AGGRAVATED ASSAULT,APARTMENT
01/07/2024 2:00,RAPE,SINGLE FAMILY HOUSE
01/07/2024 2:10,AGGRAVATED ASSAULT,APARTMENT
01/07/2024 2:22,MOTOR VEHICLE THEFT,AUTO DEALERSHIP NEW/USED
01/07/2024 3:00,MOTOR VEHICLE THEFT,STREET / ROADWAY / SIDEWALK
01/07/2024 3:00,LARCENY-THEFT,SINGLE FAMILY HOUSE
01/07/2024 3:00,BURGLARY,APARTMENT
01/07/2024 3:04,LARCENY-THEFT,GROCERY / SUPER MARKET
01/07/2024 3:19,AGGRAVATED ASSAULT,STREET / ROADWAY / SIDEWALK
01/07/2024 3:35,ROBBERY,CONVENIENCE MARKET / STORE
01/07/2024 3:39,MOTOR VEHICLE THEFT,CONVENIENCE MARKET / STORE
01/07/2024 4:00,LARCENY-THEFT,SINGLE FAMILY HOUSE
01/07/2024 4:11,BURGLARY,SPECIALTY STORE
01/07/2024 5:00,LARCENY-THEFT,APARTMENT
01/07/2024 20:00,LARCENY-THEFT,VEHICLE
01/07/2024 20:00,LARCENY-THEFT,DRIVEWAY
01/07/2024 20:00,LARCENY-THEFT,STREET / ROADWAY / SIDEWALK
01/07/2024 20:00,LARCENY-THEFT,FENCED RESIDENTIAL YARD
01/07/2024 20:00,LARCENY-THEFT,GROCERY / SUPER MARKET
01/07/2024 20:00,LARCENY-THEFT,APARTMENT
01/07/2024 20:30,MOTOR VEHICLE THEFT,APARTMENT
01/07/2024 20:30,LARCENY-THEFT,DEPARTMENT / DISCOUNT STORE
01/07/2024 20:54,ARSON,CONDO / TOWNHOUSE
01/07/2024 20:57,LARCENY-THEFT,VEHICLE
01/07/2024 21:00,LARCENY-THEFT,DRIVEWAY
01/07/2024 21:00,LARCENY-THEFT,APARTMENT
01/07/2024 21:00,LARCENY-THEFT,PARKING LOT
01/07/2024 21:04,DRUG OFFENSE,GARAGE
01/07/2024 21:09,AGGRAVATED ASSAULT,LIGHT RAIL FACILITY
01/07/2024 21:10,DRUG OFFENSE,VEHICLE
01/07/2024 21:53,RAPE,GROUP HOME
01/07/2024 22:00,LARCENY-THEFT,APARTMENT
01/07/2024 22:00,MOTOR VEHICLE THEFT,STREET / ROADWAY / SIDEWALK
01/07/2024 22:00,BURGLARY,STOREROOM/SHED (COMMERCIAL)
01/07/2024 22:28,DRUG OFFENSE,STREET / ROADWAY / SIDEWALK
01/07/2024 22:30,AGGRAVATED ASSAULT,SINGLE FAMILY HOUSE
01/07/2024 22:30,LARCENY-THEFT,FENCED COMMERCIAL YARD
01/07/2024 22:35,MURDER AND NON-NEGLIGENT MANSLAUGHTER,SINGLE FAMILY HOUSE
01/07/2024 22:40,LARCENY-THEFT,OPEN SPACE / DESERT
01/07/2024 22:56,AGGRAVATED ASSAULT,STREET / ROADWAY / SIDEWALK
01/07/2024 22:59,MOTOR VEHICLE THEFT,APARTMENT
01/07/2024 23:00,LARCENY-THEFT,APARTMENT
01/07/2024 23:00,LARCENY-THEFT,SINGLE FAMILY HOUSE
01/07/2024 23:00,BURGLARY,SPECIALTY STORE
01/07/2024 23:44,LARCENY-THEFT,FENCED RESIDENTIAL YARD
01/08/2024 0:00,LARCENY-THEFT,FENCED RESIDENTIAL YARD
01/08/2024 0:00,DRUG OFFENSE,PARKING LOT
01/08/2024 0:00,DRUG OFFENSE,ALLEY
01/08/2024 0:00,LARCENY-THEFT,APARTMENT
01/08/2024 0:00,BURGLARY,RENTAL STORAGE / FACILITY
01/08/2024 0:00,LARCENY-THEFT,SPECIALTY STORE
01/08/2024 0:00,DRUG OFFENSE,BUS STOP
01/08/2024 0:00,BURGLARY,RENTAL STORAGE / FACILITY
01/08/2024 0:00,LARCENY-THEFT,FENCED COMMERCIAL YARD
01/08/2024 0:00,LARCENY-THEFT,DEPARTMENT / DISCOUNT STORE
01/08/2024 0:00,RAPE,HOSPITAL
01/08/2024 0:14,DRUG OFFENSE,STREET / ROADWAY / SIDEWALK
01/08/2024 0:20,ROBBERY,DRIVEWAY
01/08/2024 0:25,AGGRAVATED ASSAULT,APARTMENT
01/08/2024 0:30,BURGLARY,APARTMENT
01/08/2024 1:52,BURGLARY,OFFICE / COMMERCIAL BUILDING
01/08/2024 2:00,ROBBERY,PARKING LOT
01/08/2024 2:00,MOTOR VEHICLE THEFT,APARTMENT
01/08/2024 3:30,ROBBERY,STREET / ROADWAY / SIDEWALK
01/08/2024 3:41,MOTOR VEHICLE THEFT,STREET / ROADWAY / SIDEWALK
01/08/2024 3:51,AGGRAVATED ASSAULT,STREET / ROADWAY / SIDEWALK
01/08/2024 3:59,AGGRAVATED ASSAULT,UNKNOWN
01/08/2024 4:01,LARCENY-THEFT,OFFICE / COMMERCIAL BUILDING
01/08/2024 4:02,LARCENY-THEFT,MOBILE HOME
01/08/2024 4:05,ROBBERY,CONVENIENCE MARKET / STORE
01/08/2024 5:00,LARCENY-THEFT,CHURCH / SYNAGOGUE / TEMPLE / MOSQUE
01/08/2024 20:00,MOTOR VEHICLE THEFT,PARK / PLAYGROUND
01/08/2024 20:03,LARCENY-THEFT,GAS / SERVICE STATION
01/08/2024 20:06,AGGRAVATED ASSAULT,APARTMENT
01/08/2024 20:57,AGGRAVATED ASSAULT,FAST FOOD STORE
01/08/2024 21:00,MOTOR VEHICLE THEFT,APARTMENT
01/08/2024 21:00,LARCENY-THEFT,AIRPORT
01/08/2024 21:00,AGGRAVATED ASSAULT,STREET / ROADWAY / SIDEWALK
01/08/2024 21:04,AGGRAVATED ASSAULT,APARTMENT
01/08/2024 21:30,MOTOR VEHICLE THEFT,APARTMENT
01/08/2024 22:00,LARCENY-THEFT,DRIVEWAY
01/08/2024 22:00,LARCENY-THEFT,VEHICLE
01/08/2024 22:00,MOTOR VEHICLE THEFT,STREET / ROADWAY / SIDEWALK
01/08/2024 22:45,LARCENY-THEFT,DEPARTMENT / DISCOUNT STORE
01/08/2024 23:04,LARCENY-THEFT,DRUG STORE
01/08/2024 23:30,LARCENY-THEFT,CHURCH / SYNAGOGUE / TEMPLE / MOSQUE
01/08/2024 23:59,LARCENY-THEFT,FENCED RESIDENTIAL YARD
01/09/2024 0:00,DRUG OFFENSE,BUS STOP
01/09/2024 0:00,BURGLARY,APARTMENT
01/09/2024 0:00,RAPE,APARTMENT
01/09/2024 0:00,MOTOR VEHICLE THEFT,PARKING LOT
01/09/2024 0:00,LARCENY-THEFT,RETAIL BUSINESS
01/09/2024 0:00,LARCENY-THEFT,HOSPITAL
01/09/2024 0:00,MOTOR VEHICLE THEFT,HOTEL / MOTEL
01/09/2024 0:00,BURGLARY,SINGLE FAMILY HOUSE
01/09/2024 0:01,LARCENY-THEFT,STREET / ROADWAY / SIDEWALK
01/09/2024 0:30,DRUG OFFENSE,APARTMENT
01/09/2024 1:30,LARCENY-THEFT,FENCED COMMERCIAL YARD
01/09/2024 1:30,LARCENY-THEFT,HOSPITAL
01/09/2024 3:06,MOTOR VEHICLE THEFT,STREET / ROADWAY / SIDEWALK
01/09/2024 3:30,LARCENY-THEFT,OTHER
01/09/2024 4:00,LARCENY-THEFT,APARTMENT
01/09/2024 4:12,BURGLARY,SPECIALTY STORE
01/09/2024 4:25,ROBBERY,CONVENIENCE MARKET / STORE
01/09/2024 4:43,DRUG OFFENSE,STREET / ROADWAY / SIDEWALK
01/09/2024 4:45,ARSON,
01/09/2024 20:00,LARCENY-THEFT,GROCERY / SUPER MARKET
01/09/2024 20:00,MURDER AND NON-NEGLIGENT MANSLAUGHTER,SINGLE FAMILY HOUSE
01/09/2024 20:00,LARCENY-THEFT,PARKING LOT
01/09/2024 20:00,MOTOR VEHICLE THEFT,PARKING LOT
01/09/2024 20:00,MOTOR VEHICLE THEFT,APARTMENT
01/09/2024 20:15,LARCENY-THEFT,RETAIL BUSINESS
01/09/2024 20:41,AGGRAVATED ASSAULT,STREET / ROADWAY / SIDEWALK
01/09/2024 20:49,DRUG OFFENSE,STREET / ROADWAY / SIDEWALK
01/09/2024 21:00,MOTOR VEHICLE THEFT,APARTMENT
01/09/2024 21:00,MOTOR VEHICLE THEFT,DRIVEWAY
01/09/2024 21:00,LARCENY-THEFT,APARTMENT
01/09/2024 21:00,MOTOR VEHICLE THEFT,APARTMENT
01/09/2024 21:30,AGGRAVATED ASSAULT,SINGLE FAMILY HOUSE
01/09/2024 22:00,LARCENY-THEFT,STREET / ROADWAY / SIDEWALK
01/09/2024 22:00,LARCENY-THEFT,MOBILE HOME
01/09/2024 22:00,AGGRAVATED ASSAULT,BUS STOP
01/09/2024 22:30,LARCENY-THEFT,FAST FOOD STORE
01/09/2024 22:30,BURGLARY,DEPARTMENT / DISCOUNT STORE
01/09/2024 22:30,MOTOR VEHICLE THEFT,APARTMENT
01/09/2024 22:30,MOTOR VEHICLE THEFT,APARTMENT
01/09/2024 22:35,AGGRAVATED ASSAULT,APARTMENT
01/09/2024 22:47,MOTOR VEHICLE THEFT,APARTMENT
01/09/2024 22:56,DRUG OFFENSE,VEHICLE
01/09/2024 22:58,ARSON,MOBILE HOME
01/09/2024 23:09,AGGRAVATED ASSAULT,STREET / ROADWAY / SIDEWALK
01/09/2024 23:16,BURGLARY,DRUG STORE
01/09/2024 23:45,LARCENY-THEFT,SINGLE FAMILY HOUSE
01/10/2024 0:00,LARCENY-THEFT,APARTMENT
01/10/2024 0:00,MOTOR VEHICLE THEFT,AUTO DEALERSHIP NEW/USED
01/10/2024 0:00,LARCENY-THEFT,PARKING LOT
01/10/2024 0:00,BURGLARY,APARTMENT
01/10/2024 0:00,LARCENY-THEFT,OFFICE / COMMERCIAL BUILDING
01/10/2024 0:00,LARCENY-THEFT,SPECIALTY STORE
01/10/2024 0:00,DRUG OFFENSE,STREET / ROADWAY / SIDEWALK
01/10/2024 0:00,LARCENY-THEFT,PARKING LOT
01/10/2024 0:00,MOTOR VEHICLE THEFT,APARTMENT
01/10/2024 0:00,LARCENY-THEFT,APARTMENT
01/10/2024 0:00,DRUG OFFENSE,VEHICLE
01/10/2024 0:00,ARSON,
01/10/2024 0:00,ARSON,
01/10/2024 0:00,LARCENY-THEFT,OFFICE / COMMERCIAL BUILDING
01/10/2024 0:00,BURGLARY,NURSING CARE
01/10/2024 0:00,DRUG OFFENSE,STREET / ROADWAY / SIDEWALK
01/10/2024 0:00,LARCENY-THEFT,PARKING LOT
01/10/2024 0:01,LARCENY-THEFT,SINGLE FAMILY HOUSE
01/10/2024 0:15,AGGRAVATED ASSAULT,APARTMENT
01/10/2024 0:17,DRUG OFFENSE,VEHICLE
01/10/2024 1:00,LARCENY-THEFT,PARKING LOT
01/10/2024 1:35,DRUG OFFENSE,SINGLE FAMILY HOUSE
01/10/2024 2:00,LARCENY-THEFT,STREET / ROADWAY / SIDEWALK
01/10/2024 2:00,MOTOR VEHICLE THEFT,PARKING LOT
01/10/2024 2:53,BURGLARY,SPECIALTY STORE
01/10/2024 4:20,BURGLARY,SPECIALTY STORE
01/10/2024 4:45,LARCENY-THEFT,PARKING LOT
01/10/2024 5:00,LARCENY-THEFT,STREET / ROADWAY / SIDEWALK
01/10/2024 20:00,MOTOR VEHICLE THEFT,SINGLE FAMILY HOUSE
01/10/2024 20:00,LARCENY-THEFT,SINGLE FAMILY HOUSE
01/10/2024 20:00,LARCENY-THEFT,APARTMENT
01/10/2024 20:00,LARCENY-THEFT,DRIVEWAY
01/10/2024 20:00,LARCENY-THEFT,OTHER
01/10/2024 20:09,AGGRAVATED ASSAULT,STREET / ROADWAY / SIDEWALK
01/10/2024 20:21,LARCENY-THEFT,APARTMENT
01/10/2024 20:42,LARCENY-THEFT,OFFICE / COMMERCIAL BUILDING
01/10/2024 20:58,LARCENY-THEFT,DRUG STORE
01/10/2024 21:12,LARCENY-THEFT,DEPARTMENT / DISCOUNT STORE
01/10/2024 21:30,AGGRAVATED ASSAULT,APARTMENT
01/10/2024 21:37,LARCENY-THEFT,DEPARTMENT / DISCOUNT STORE
01/10/2024 21:44,LARCENY-THEFT,DEPARTMENT / DISCOUNT STORE
01/10/2024 22:00,MOTOR VEHICLE THEFT,SINGLE FAMILY HOUSE
01/10/2024 22:00,LARCENY-THEFT,SINGLE FAMILY HOUSE
01/10/2024 22:15,AGGRAVATED ASSAULT,SINGLE FAMILY HOUSE
01/10/2024 22:27,LARCENY-THEFT,ALLEY
01/10/2024 22:57,DRUG OFFENSE,VEHICLE
01/10/2024 23:00,LARCENY-THEFT,APARTMENT
01/10/2024 23:00,AGGRAVATED ASSAULT,MOBILE HOME
01/10/2024 23:00,LARCENY-THEFT,VEHICLE
01/10/2024 23:29,AGGRAVATED ASSAULT,STREET / ROADWAY / SIDEWALK
01/10/2024 23:59,RAPE,HOSPITAL
01/11/2024 0:00,BURGLARY,RENTAL STORAGE / FACILITY
01/11/2024 0:00,DRUG OFFENSE,OTHER
01/11/2024 0:00,DRUG OFFENSE,GAS / SERVICE STATION
01/11/2024 0:00,DRUG OFFENSE,VEHICLE
01/11/2024 0:00,LARCENY-THEFT,PARKING LOT
01/11/2024 0:00,LARCENY-THEFT,VEHICLE
01/11/2024 0:00,ARSON,
01/11/2024 0:00,RAPE,HOTEL / MOTEL
01/11/2024 0:00,LARCENY-THEFT,SINGLE FAMILY HOUSE
01/11/2024 0:00,BURGLARY,SINGLE FAMILY HOUSE
01/11/2024 0:00,AGGRAVATED ASSAULT,STREET / ROADWAY / SIDEWALK
01/11/2024 0:00,LARCENY-THEFT,SINGLE FAMILY HOUSE
01/11/2024 0:00,BURGLARY,SINGLE FAMILY HOUSE
01/11/2024 0:00,LARCENY-THEFT,OTHER
01/11/2024 0:00,LARCENY-THEFT,SINGLE FAMILY HOUSE
01/11/2024 0:00,DRUG OFFENSE,RETAIL BUSINESS
01/11/2024 0:00,LARCENY-THEFT,PARKING LOT
01/11/2024 0:01,LARCENY-THEFT,FENCED RESIDENTIAL YARD
01/11/2024 0:01,LARCENY-THEFT,FENCED RESIDENTIAL YARD
01/11/2024 0:47,RAPE,SINGLE FAMILY HOUSE
01/11/2024 1:00,MOTOR VEHICLE THEFT,STREET / ROADWAY / SIDEWALK
01/11/2024 1:28,MOTOR VEHICLE THEFT,CONSTRUCTION SITE
01/11/2024 1:32,LARCENY-THEFT,OTHER
01/11/2024 2:00,RAPE,STREET / ROADWAY / SIDEWALK
01/11/2024 2:00,LARCENY-THEFT,SINGLE FAMILY HOUSE
01/11/2024 2:00,LARCENY-THEFT,CONVENIENCE MARKET / STORE
01/11/2024 3:00,LARCENY-THEFT,SINGLE FAMILY HOUSE
01/11/2024 3:30,RAPE,HOTEL / MOTEL
01/11/2024 3:55,BURGLARY,SPECIALTY STORE
01/11/2024 4:01,LARCENY-THEFT,SINGLE FAMILY HOUSE
01/11/2024 4:57,ARSON,CONDO / TOWNHOUSE
01/11/2024 20:00,LARCENY-THEFT,HOSPITAL
01/11/2024 20:10,ROBBERY,DEPARTMENT / DISCOUNT STORE
01/11/2024 20:14,LARCENY-THEFT,DEPARTMENT / DISCOUNT STORE
01/11/2024 20:24,AGGRAVATED ASSAULT,APARTMENT
01/11/2024 20:30,AGGRAVATED ASSAULT,APARTMENT
01/11/2024 20:30,LARCENY-THEFT,SINGLE FAMILY HOUSE
01/11/2024 20:42,LARCENY-THEFT,CONVENIENCE MARKET / STORE
01/11/2024 20:46,LARCENY-THEFT,SPECIALTY STORE
01/11/2024 21:10,LARCENY-THEFT,SINGLE FAMILY HOUSE
01/11/2024 22:00,LARCENY-THEFT,SHELTER-MISSION/HOMELESS
01/11/2024 22:00,ROBBERY,VEHICLE
01/11/2024 22:00,LARCENY-THEFT,PARKING LOT
01/11/2024 22:00,MOTOR VEHICLE THEFT,SINGLE FAMILY HOUSE
01/11/2024 22:00,LARCENY-THEFT,APARTMENT
01/11/2024 22:30,BURGLARY,APARTMENT
01/11/2024 23:00,MOTOR VEHICLE THEFT,APARTMENT
01/11/2024 23:00,BURGLARY,APARTMENT
01/11/2024 23:10,ROBBERY,SPECIALTY STORE
01/11/2024 23:45,BURGLARY,SPECIALTY STORE
01/11/2024 23:52,LARCENY-THEFT,APARTMENT
01/11/2024 23:52,LARCENY-THEFT,DEPARTMENT / DISCOUNT STORE
01/12/2024 0:00,LARCENY-THEFT,VEHICLE
01/12/2024 0:00,LARCENY-THEFT,STREET / ROADWAY / SIDEWALK
01/12/2024 0:00,LARCENY-THEFT,APARTMENT
01/12/2024 0:00,DRUG OFFENSE,VEHICLE
01/12/2024 0:00,DRUG OFFENSE,CONVENIENCE MARKET / STORE
01/12/2024 0:00,DRUG OFFENSE,SCHOOL-COLLEGE/UNIVERSITY
01/12/2024 0:00,DRUG OFFENSE,STREET / ROADWAY / SIDEWALK
01/12/2024 0:00,LARCENY-THEFT,UNKNOWN
01/12/2024 0:00,BURGLARY,LIQUOR STORE
01/12/2024 0:00,LARCENY-THEFT,APARTMENT
01/12/2024 0:00,MOTOR VEHICLE THEFT,STREET / ROADWAY / SIDEWALK
01/12/2024 0:00,LARCENY-THEFT,WAREHOUSE / FACTORY
01/12/2024 0:00,RAPE,APARTMENT
01/12/2024 0:00,LARCENY-THEFT,STREET / ROADWAY / SIDEWALK
01/12/2024 0:00,BURGLARY,SINGLE FAMILY HOUSE
01/12/2024 0:00,MOTOR VEHICLE THEFT,APARTMENT
01/12/2024 0:10,LARCENY-THEFT,CONVENIENCE MARKET / STORE
01/12/2024 0:30,MOTOR VEHICLE THEFT,APARTMENT
01/12/2024 0:38,MOTOR VEHICLE THEFT,DEPARTMENT / DISCOUNT STORE
01/12/2024 1:00,LARCENY-THEFT,APARTMENT
01/12/2024 1:00,LARCENY-THEFT,APARTMENT
01/12/2024 1:11,LARCENY-THEFT,FENCED RESIDENTIAL YARD
01/12/2024 1:15,LARCENY-THEFT,CONVENIENCE MARKET / STORE
01/12/2024 1:43,DRUG OFFENSE,OPEN SPACE / DESERT
01/12/2024 2:00,LARCENY-THEFT,PARKING LOT
01/12/2024 2:02,DRUG OFFENSE,VEHICLE
01/12/2024 2:40,BURGLARY,APARTMENT
01/12/2024 2:45,BURGLARY,GARAGE
01/12/2024 3:00,LARCENY-THEFT,SINGLE FAMILY HOUSE
01/12/2024 3:00,MOTOR VEHICLE THEFT,DRIVEWAY
01/12/2024 3:15,AGGRAVATED ASSAULT,STREET / ROADWAY / SIDEWALK
01/12/2024 3:30,LARCENY-THEFT,PARKING LOT
01/12/2024 4:00,BURGLARY,APARTMENT
01/12/2024 4:30,LARCENY-THEFT,CONVENIENCE MARKET / STORE
01/12/2024 20:00,MOTOR VEHICLE THEFT,DRIVEWAY
01/12/2024 20:00,MOTOR VEHICLE THEFT,STREET / ROADWAY / SIDEWALK
01/12/2024 20:07,AGGRAVATED ASSAULT,SINGLE FAMILY HOUSE
01/12/2024 20:20,LARCENY-THEFT,DEPARTMENT / DISCOUNT STORE
01/12/2024 20:24,AGGRAVATED ASSAULT,SINGLE FAMILY HOUSE
01/12/2024 20:47,BURGLARY,RENTAL STORAGE / FACILITY
01/12/2024 21:00,BURGLARY,APARTMENT
01/12/2024 21:00,MOTOR VEHICLE THEFT,DRIVEWAY
01/12/2024 21:00,BURGLARY,RENTAL STORAGE / FACILITY
01/12/2024 21:00,MOTOR VEHICLE THEFT,STREET / ROADWAY / SIDEWALK
01/12/2024 21:30,LARCENY-THEFT,PARKING LOT
01/12/2024 21:44,ARSON,
01/12/2024 22:00,MOTOR VEHICLE THEFT,STREET / ROADWAY / SIDEWALK
01/12/2024 22:00,MOTOR VEHICLE THEFT,APARTMENT
01/12/2024 22:00,MOTOR VEHICLE THEFT,APARTMENT
01/12/2024 22:07,AGGRAVATED ASSAULT,SINGLE FAMILY HOUSE
01/12/2024 22:21,AGGRAVATED ASSAULT,APARTMENT
01/12/2024 22:30,MOTOR VEHICLE THEFT,APARTMENT
01/12/2024 23:00,LARCENY-THEFT,SINGLE FAMILY HOUSE
01/12/2024 23:00,LARCENY-THEFT,APARTMENT
01/12/2024 23:00,LARCENY-THEFT,UNKNOWN
01/12/2024 23:08,BURGLARY,SINGLE FAMILY HOUSE
01/12/2024 23:15,LARCENY-THEFT,AIRPORT
01/12/2024 23:32,DRUG OFFENSE,ALLEY
01/13/2024 0:00,BURGLARY,APARTMENT
01/13/2024 0:00,LARCENY-THEFT,SCHOOL-ELEMENTARY/SECONDARY
01/13/2024 0:00,DRUG OFFENSE,CANAL / RIGHT-OF-WAY
01/13/2024 0:00,ARSON,SINGLE FAMILY HOUSE
01/13/2024 0:00,ARSON,
01/13/2024 0:00,ARSON,
01/13/2024 0:00,LARCENY-THEFT,RETAIL BUSINESS
01/13/2024 0:00,LARCENY-THEFT,HOTEL / MOTEL
01/13/2024 0:00,MOTOR VEHICLE THEFT,APARTMENT
01/13/2024 0:00,LARCENY-THEFT,CONDO / TOWNHOUSE
01/13/2024 0:00,LARCENY-THEFT,STREET / ROADWAY / SIDEWALK
01/13/2024 0:00,BURGLARY,APARTMENT
01/13/2024 0:00,DRUG OFFENSE,ALLEY
01/13/2024 0:00,LARCENY-THEFT,SINGLE FAMILY HOUSE
01/13/2024 0:00,LARCENY-THEFT,PARKING LOT
01/13/2024 0:00,BURGLARY,SINGLE FAMILY HOUSE
01/13/2024 0:00,LARCENY-THEFT,APARTMENT
01/13/2024 0:01,LARCENY-THEFT,SINGLE FAMILY HOUSE
01/13/2024 0:01,LARCENY-THEFT,APARTMENT
01/13/2024 0:01,BURGLARY,SPECIALTY STORE
01/13/2024 0:05,LARCENY-THEFT,APARTMENT
01/13/2024 1:00,LARCENY-THEFT,PARKING LOT
01/13/2024 1:00,LARCENY-THEFT,SINGLE FAMILY HOUSE
01/13/2024 1:00,LARCENY-THEFT,OTHER
01/13/2024 1:00,MOTOR VEHICLE THEFT,STREET / ROADWAY / SIDEWALK
01/13/2024 1:00,MOTOR VEHICLE THEFT,APARTMENT
01/13/2024 1:00,LARCENY-THEFT,VEHICLE
01/13/2024 1:30,AGGRAVATED ASSAULT,OTHER
01/13/2024 1:30,MOTOR VEHICLE THEFT,DRIVEWAY
01/13/2024 1:50,AGGRAVATED ASSAULT,BAR / LOUNG / NIGHT CLUB
01/13/2024 2:07,BURGLARY,SPECIALTY STORE
01/13/2024 2:20,LARCENY-THEFT,DRIVEWAY
01/13/2024 2:20,BURGLARY,APARTMENT
01/13/2024 2:40,LARCENY-THEFT,STREET / ROADWAY / SIDEWALK
01/13/2024 3:00,RAPE,UNKNOWN
01/13/2024 3:22,ROBBERY,BUS STOP
01/13/2024 3:36,DRUG OFFENSE,CHURCH / SYNAGOGUE / TEMPLE / MOSQUE
01/13/2024 4:00,ROBBERY,FAST FOOD STORE
01/13/2024 4:06,DRUG OFFENSE,STREET / ROADWAY / SIDEWALK
01/13/2024 4:30,LARCENY-THEFT,APARTMENT
01/13/2024 20:11,LARCENY-THEFT,SINGLE FAMILY HOUSE
01/13/2024 20:30,LARCENY-THEFT,GAS / SERVICE STATION
01/13/2024 20:37,LARCENY-THEFT,SPECIALTY STORE
01/13/2024 20:40,MOTOR VEHICLE THEFT,APARTMENT
01/13/2024 21:00,MOTOR VEHICLE THEFT,APARTMENT
01/13/2024 21:00,LARCENY-THEFT,VEHICLE
01/13/2024 21:15,BURGLARY,APARTMENT
01/13/2024 21:30,LARCENY-THEFT,STREET / ROADWAY / SIDEWALK
01/13/2024 21:30,LARCENY-THEFT,STREET / ROADWAY / SIDEWALK
01/13/2024 21:40,ROBBERY,STREET / ROADWAY / SIDEWALK
01/13/2024 22:00,MOTOR VEHICLE THEFT,HOTEL / MOTEL
01/13/2024 22:00,MOTOR VEHICLE THEFT,APARTMENT
01/13/2024 22:11,DRUG OFFENSE,VEHICLE
01/13/2024 22:20,LARCENY-THEFT,CONVENIENCE MARKET / STORE
01/13/2024 22:30,LARCENY-THEFT,VEHICLE
01/13/2024 23:00,MOTOR VEHICLE THEFT,SINGLE FAMILY HOUSE
01/13/2024 23:00,AGGRAVATED ASSAULT,BAR / LOUNG / NIGHT CLUB
01/13/2024 23:26,BURGLARY,SPECIALTY STORE
01/13/2024 23:30,MOTOR VEHICLE THEFT,MOBILE HOME
01/13/2024 23:44,BURGLARY,SINGLE FAMILY HOUSE
01/13/2024 23:52,DRUG OFFENSE,STREET / ROADWAY / SIDEWALK
01/13/2024 23:58,DRUG OFFENSE,STREET / ROADWAY / SIDEWALK
01/14/2024 0:00,RAPE,PARK / PLAYGROUND
01/14/2024 0:00,MOTOR VEHICLE THEFT,VEHICLE
01/14/2024 0:00,LARCENY-THEFT,VEHICLE
01/14/2024 0:00,DRUG OFFENSE,PARKING LOT
01/14/2024 0:00,LARCENY-THEFT,STREET / ROADWAY / SIDEWALK
01/14/2024 0:00,LARCENY-THEFT,VEHICLE
01/14/2024 0:00,LARCENY-THEFT,PARKING LOT
01/14/2024 0:00,LARCENY-THEFT,SINGLE FAMILY HOUSE
01/14/2024 0:00,ARSON,
01/14/2024 0:00,LARCENY-THEFT,SINGLE FAMILY HOUSE
01/14/2024 0:00,LARCENY-THEFT,DRIVEWAY
01/14/2024 0:00,LARCENY-THEFT,PARKING LOT
01/14/2024 0:00,LARCENY-THEFT,VEHICLE
01/14/2024 0:00,LARCENY-THEFT,PARKING LOT
01/14/2024 0:00,LARCENY-THEFT,SINGLE FAMILY HOUSE
01/14/2024 0:00,LARCENY-THEFT,SINGLE FAMILY HOUSE
01/14/2024 0:06,DRUG OFFENSE,VEHICLE
01/14/2024 0:07,LARCENY-THEFT,CONVENIENCE MARKET / STORE
01/14/2024 0:08,LARCENY-THEFT,OFFICE / COMMERCIAL BUILDING
01/14/2024 1:00,LARCENY-THEFT,STREET / ROADWAY / SIDEWALK
01/14/2024 1:00,AGGRAVATED ASSAULT,STREET / ROADWAY / SIDEWALK
01/14/2024 1:00,LARCENY-THEFT,APARTMENT
01/14/2024 1:00,AGGRAVATED ASSAULT,STREET / ROADWAY / SIDEWALK
01/14/2024 1:00,MOTOR VEHICLE THEFT,APARTMENT
01/14/2024 1:00,MOTOR VEHICLE THEFT,STREET / ROADWAY / SIDEWALK
01/14/2024 1:11,AGGRAVATED ASSAULT,GAS / SERVICE STATION
01/14/2024 1:15,LARCENY-THEFT,PARKING LOT
01/14/2024 1:39,ROBBERY,CONVENIENCE MARKET / STORE
01/14/2024 1:46,LARCENY-THEFT,CONVENIENCE MARKET / STORE
01/14/2024 2:18,BURGLARY,DEPARTMENT / DISCOUNT STORE
01/14/2024 2:50,AGGRAVATED ASSAULT,APARTMENT
01/14/2024 3:00,MOTOR VEHICLE THEFT,APARTMENT
01/14/2024 3:00,MOTOR VEHICLE THEFT,APARTMENT
01/14/2024 3:00,MOTOR VEHICLE THEFT,APARTMENT
01/14/2024 3:30,LARCENY-THEFT,RESTAURANT
01/14/2024 3:35,AGGRAVATED ASSAULT,STREET / ROADWAY / SIDEWALK
01/14/2024 3:36,LARCENY-THEFT,STREET / ROADWAY / SIDEWALK
01/14/2024 4:20,LARCENY-THEFT,OFFICE / COMMERCIAL BUILDING
01/14/2024 4:21,BURGLARY,DEPARTMENT / DISCOUNT STORE
01/14/2024 4:30,LARCENY-THEFT,DRIVEWAY
01/14/2024 5:00,LARCENY-THEFT,SINGLE FAMILY HOUSE
01/14/2024 5:00,MOTOR VEHICLE THEFT,DRIVEWAY
01/14/2024 5:00,MOTOR VEHICLE THEFT,STREET / ROADWAY / SIDEWALK
01/14/2024 20:00,MOTOR VEHICLE THEFT,STREET / ROADWAY / SIDEWALK
01/14/2024 20:00,BURGLARY,APARTMENT
01/14/2024 20:19,LARCENY-THEFT,RESTAURANT
01/14/2024 20:20,LARCENY-THEFT,DEPARTMENT / DISCOUNT STORE
01/14/2024 20:20,LARCENY-THEFT,APARTMENT
01/14/2024 20:21,LARCENY-THEFT,GROCERY / SUPER MARKET
01/14/2024 20:29,DRUG OFFENSE,STREET / ROADWAY / SIDEWALK
01/14/2024 20:45,MOTOR VEHICLE THEFT,STREET / ROADWAY / SIDEWALK
01/14/2024 21:00,BURGLARY,OFFICE / COMMERCIAL BUILDING
01/14/2024 21:00,LARCENY-THEFT,DRIVEWAY
01/14/2024 21:00,LARCENY-THEFT,OTHER
01/14/2024 21:00,MOTOR VEHICLE THEFT,APARTMENT
01/14/2024 21:00,LARCENY-THEFT,PARKING LOT
01/14/2024 21:00,MOTOR VEHICLE THEFT,STREET / ROADWAY / SIDEWALK
01/14/2024 21:00,MOTOR VEHICLE THEFT,APARTMENT
01/14/2024 21:06,LARCENY-THEFT,DEPARTMENT / DISCOUNT STORE
01/14/2024 21:10,LARCENY-THEFT,DEPARTMENT / DISCOUNT STORE
01/14/2024 21:22,LARCENY-THEFT,FENCED COMMERCIAL YARD
01/14/2024 22:00,MOTOR VEHICLE THEFT,APARTMENT
01/14/2024 22:00,LARCENY-THEFT,DRIVEWAY
01/14/2024 22:00,MOTOR VEHICLE THEFT,STREET / ROADWAY / SIDEWALK
01/14/2024 22:15,AGGRAVATED ASSAULT,SINGLE FAMILY HOUSE
01/14/2024 22:20,MOTOR VEHICLE THEFT,SINGLE FAMILY HOUSE
01/14/2024 22:37,DRUG OFFENSE,STREET / ROADWAY / SIDEWALK
01/14/2024 22:47,AGGRAVATED ASSAULT,APARTMENT
01/14/2024 22:49,MURDER AND NON-NEGLIGENT MANSLAUGHTER,SINGLE FAMILY HOUSE
01/14/2024 23:00,LARCENY-THEFT,SINGLE FAMILY HOUSE
01/14/2024 23:00,BURGLARY,APARTMENT
01/14/2024 23:11,BURGLARY,DRUG STORE
01/14/2024 23:15,ROBBERY,SINGLE FAMILY HOUSE
01/14/2024 23:30,ROBBERY,PARKING LOT
01/14/2024 23:30,MOTOR VEHICLE THEFT,STREET / ROADWAY / SIDEWALK
01/14/2024 23:30,BURGLARY,FAST FOOD STORE
01/14/2024 23:58,MOTOR VEHICLE THEFT,DRIVEWAY
01/15/2024 0:00,LARCENY-THEFT,PARKING LOT
01/15/2024 0:00,LARCENY-THEFT,BANK / SAVINGS / CREDIT UNION
01/15/2024 0:00,ROBBERY,RESTAURANT
01/15/2024 0:00,LARCENY-THEFT,APARTMENT
01/15/2024 0:00,BURGLARY,SINGLE FAMILY HOUSE
01/15/2024 0:00,DRUG OFFENSE,PARKING LOT
01/15/2024 0:00,LARCENY-THEFT,VEHICLE
01/15/2024 0:00,LARCENY-THEFT,SINGLE FAMILY HOUSE
01/15/2024 0:00,LARCENY-THEFT,OFFICE / COMMERCIAL BUILDING
01/15/2024 0:00,LARCENY-THEFT,SINGLE FAMILY HOUSE
01/15/2024 0:00,BURGLARY,APARTMENT
01/15/2024 0:00,BURGLARY,SINGLE FAMILY HOUSE
01/15/2024 0:00,LARCENY-THEFT,DRIVEWAY
01/15/2024 0:31,DRUG OFFENSE,STREET / ROADWAY / SIDEWALK
01/15/2024 0:50,MOTOR VEHICLE THEFT,APARTMENT
01/15/2024 1:00,AGGRAVATED ASSAULT,SINGLE FAMILY HOUSE
01/15/2024 1:00,MOTOR VEHICLE THEFT,STREET / ROADWAY / SIDEWALK
01/15/2024 1:24,MOTOR VEHICLE THEFT,SINGLE FAMILY HOUSE
01/15/2024 2:00,MOTOR VEHICLE THEFT,RENTAL STORAGE / FACILITY
01/15/2024 2:00,MOTOR VEHICLE THEFT,APARTMENT
01/15/2024 2:27,BURGLARY,FAST FOOD STORE
01/15/2024 2:30,MOTOR VEHICLE THEFT,APARTMENT
01/15/2024 2:44,BURGLARY,CONVENIENCE MARKET / STORE
01/15/2024 2:57,DRUG OFFENSE,STREET / ROADWAY / SIDEWALK
01/15/2024 3:25,LARCENY-THEFT,DRIVEWAY
01/15/2024 3:30,LARCENY-THEFT,CONVENIENCE MARKET / STORE
01/15/2024 4:15,DRUG OFFENSE,STREET / ROADWAY / SIDEWALK
01/15/2024 20:00,LARCENY-THEFT,PARKING GARAGE
01/15/2024 20:00,RAPE,SINGLE FAMILY HOUSE
01/15/2024 20:00,MOTOR VEHICLE THEFT,APARTMENT
01/15/2024 20:28,ROBBERY,FAST FOOD STORE
01/15/2024 20:30,LARCENY-THEFT,APARTMENT
01/15/2024 20:50,LARCENY-THEFT,SPECIALTY STORE
01/15/2024 21:00,LARCENY-THEFT,APARTMENT
01/15/2024 21:00,LARCENY-THEFT,PARKING LOT
01/15/2024 21:00,BURGLARY,SPECIALTY STORE
01/15/2024 21:05,AGGRAVATED ASSAULT,PARK / PLAYGROUND
01/15/2024 21:10,LARCENY-THEFT,APARTMENT
01/15/2024 21:21,LARCENY-THEFT,DEPARTMENT / DISCOUNT STORE
01/15/2024 21:24,BURGLARY,APARTMENT
01/15/2024 21:45,AGGRAVATED ASSAULT,SINGLE FAMILY HOUSE
01/15/2024 21:52,AGGRAVATED ASSAULT,SINGLE FAMILY HOUSE
01/15/2024 22:01,MURDER AND NON-NEGLIGENT MANSLAUGHTER,STREET / ROADWAY / SIDEWALK
01/15/2024 22:11,AGGRAVATED ASSAULT,APARTMENT
01/15/2024 22:20,DRUG OFFENSE,VEHICLE
01/15/2024 22:23,LARCENY-THEFT,SINGLE FAMILY HOUSE
01/15/2024 22:28,AGGRAVATED ASSAULT,STREET / ROADWAY / SIDEWALK
01/15/2024 22:30,ROBBERY,BUS STOP
01/15/2024 22:30,LARCENY-THEFT,CONVENIENCE MARKET / STORE
01/15/2024 22:38,LARCENY-THEFT,CONVENIENCE MARKET / STORE
01/15/2024 23:00,AGGRAVATED ASSAULT,CONDO / TOWNHOUSE
01/15/2024 23:00,LARCENY-THEFT,PARKING LOT
01/15/2024 23:00,LARCENY-THEFT,SINGLE FAMILY HOUSE
01/15/2024 23:00,LARCENY-THEFT,DRIVEWAY
01/15/2024 23:30,LARCENY-THEFT,DRIVEWAY
01/15/2024 23:49,DRUG OFFENSE,VEHICLE
01/16/2024 0:00,LARCENY-THEFT,PARK / PLAYGROUND
01/16/2024 0:00,LARCENY-THEFT,OTHER
01/16/2024 0:00,LARCENY-THEFT,ATM SEPARATE FROM BANK
01/16/2024 0:00,LARCENY-THEFT,PARKING LOT
01/16/2024 0:00,DRUG OFFENSE,HOTEL / MOTEL
01/16/2024 0:00,MOTOR VEHICLE THEFT,SINGLE FAMILY HOUSE
01/16/2024 0:00,LARCENY-THEFT,VEHICLE
01/16/2024 0:00,LARCENY-THEFT,CONVENIENCE MARKET / STORE
01/16/2024 0:00,BURGLARY,STOREROOM/SHED (COMMERCIAL)
01/16/2024 0:00,DRUG OFFENSE,STREET / ROADWAY / SIDEWALK
01/16/2024 0:00,LARCENY-THEFT,DRIVEWAY
01/16/2024 0:00,BURGLARY,CONDO / TOWNHOUSE
01/16/2024 0:01,AGGRAVATED ASSAULT,PARK / PLAYGROUND
01/16/2024 0:08,BURGLARY,RESTAURANT
01/16/2024 0:30,LARCENY-THEFT,SINGLE FAMILY HOUSE
01/16/2024 0:30,AGGRAVATED ASSAULT,MOBILE HOME
01/16/2024 0:51,BURGLARY,FAST FOOD STORE
01/16/2024 0:55,AGGRAVATED ASSAULT,CONVENIENCE MARKET / STORE
01/16/2024 1:30,LARCENY-THEFT,CONVENIENCE MARKET / STORE
01/16/2024 1:41,ROBBERY,ALLEY
01/16/2024 1:45,BURGLARY,RESTAURANT
01/16/2024 2:13,LARCENY-THEFT,HOSPITAL
01/16/2024 2:30,MOTOR VEHICLE THEFT,HOSPITAL
01/16/2024 3:13,LARCENY-THEFT,PARKING LOT
01/16/2024 3:18,LARCENY-THEFT,DRIVEWAY
01/16/2024 4:00,AGGRAVATED ASSAULT,VEHICLE
01/16/2024 4:25,BURGLARY,CONVENIENCE MARKET / STORE
01/16/2024 20:00,LARCENY-THEFT,SPECIALTY STORE
01/16/2024 20:18,LARCENY-THEFT,DRUG STORE
01/16/2024 20:24,ROBBERY,PARKING LOT
01/16/2024 21:00,LARCENY-THEFT,PARKING LOT
01/16/2024 21:00,RAPE,PARK / PLAYGROUND
01/16/2024 21:00,LARCENY-THEFT,FAST FOOD STORE
01/16/2024 21:00,MOTOR VEHICLE THEFT,APARTMENT
01/16/2024 21:30,LARCENY-THEFT,PARKING GARAGE
01/16/2024 21:30,LARCENY-THEFT,APARTMENT
01/16/2024 21:39,LARCENY-THEFT,PARKING LOT
01/16/2024 22:00,MOTOR VEHICLE THEFT,CONDO / TOWNHOUSE
01/16/2024 22:00,MOTOR VEHICLE THEFT,FENCED RESIDENTIAL YARD
01/16/2024 22:00,AGGRAVATED ASSAULT,SINGLE FAMILY HOUSE
01/16/2024 22:00,MOTOR VEHICLE THEFT,APARTMENT
01/16/2024 22:15,LARCENY-THEFT,CONVENIENCE MARKET / STORE
01/16/2024 22:20,LARCENY-THEFT,APARTMENT
01/16/2024 22:30,LARCENY-THEFT,CONVENIENCE MARKET / STORE
01/16/2024 22:30,MOTOR VEHICLE THEFT,APARTMENT
01/16/2024 22:34,DRUG OFFENSE,VEHICLE
01/16/2024 23:00,MOTOR VEHICLE THEFT,APARTMENT
01/16/2024 23:00,MOTOR VEHICLE THEFT,APARTMENT
01/16/2024 23:00,MOTOR VEHICLE THEFT,APARTMENT
01/16/2024 23:50,LARCENY-THEFT,VEHICLE
01/16/2024 23:52,BURGLARY,MEDICAL OFFICE
01/17/2024 0:00,LARCENY-THEFT,SINGLE FAMILY HOUSE
01/17/2024 0:00,DRUG OFFENSE,VEHICLE
01/17/2024 0:00,LARCENY-THEFT,PARKING LOT
01/17/2024 0:00,LARCENY-THEFT,SINGLE FAMILY HOUSE
01/17/2024 0:00,LARCENY-THEFT,PARKING LOT
01/17/2024 0:00,DRUG OFFENSE,PARKING LOT
01/17/2024 0:00,LARCENY-THEFT,CONSTRUCTION SITE
01/17/2024 0:00,LARCENY-THEFT,PARKING LOT
01/17/2024 0:00,LARCENY-THEFT,VEHICLE
01/17/2024 0:00,LARCENY-THEFT,PARKING LOT
01/17/2024 0:00,BURGLARY,WAREHOUSE / FACTORY
01/17/2024 0:00,DRUG OFFENSE,VEHICLE
01/17/2024 0:00,DRUG OFFENSE,OTHER
01/17/2024 0:00,LARCENY-THEFT,UNKNOWN
01/17/2024 0:00,LARCENY-THEFT,PARKING LOT
01/17/2024 0:00,LARCENY-THEFT,APARTMENT
01/17/2024 0:00,DRUG OFFENSE,STREET / ROADWAY / SIDEWALK
01/17/2024 0:00,BURGLARY,RESTAURANT
01/17/2024 0:00,DRUG OFFENSE,STREET / ROADWAY / SIDEWALK
01/17/2024 0:01,BURGLARY,STOREROOM/SHED (COMMERCIAL)
01/17/2024 0:45,LARCENY-THEFT,HOSPITAL
01/17/2024 1:00,LARCENY-THEFT,CONDO / TOWNHOUSE
01/17/2024 1:25,DRUG OFFENSE,ALLEY
01/17/2024 2:00,MOTOR VEHICLE THEFT,APARTMENT
01/17/2024 3:00,LARCENY-THEFT,APARTMENT
01/17/2024 3:00,LARCENY-THEFT,APARTMENT
01/17/2024 3:25,ARSON,SHOPPING MALL
01/17/2024 3:48,BURGLARY,RETAIL BUSINESS
01/17/2024 3:54,LARCENY-THEFT,APARTMENT
01/17/2024 4:15,MOTOR VEHICLE THEFT,RENTAL STORAGE / FACILITY
01/17/2024 4:20,AGGRAVATED ASSAULT,DRIVEWAY
01/17/2024 4:30,AGGRAVATED ASSAULT,GAS / SERVICE STATION
01/17/2024 5:00,LARCENY-THEFT,CONSTRUCTION SITE
01/17/2024 20:00,MOTOR VEHICLE THEFT,APARTMENT
01/17/2024 20:00,BURGLARY,FAST FOOD STORE
01/17/2024 20:18,AGGRAVATED ASSAULT,CONDO / TOWNHOUSE
01/17/2024 20:20,LARCENY-THEFT,DEPARTMENT / DISCOUNT STORE
01/17/2024 20:30,LARCENY-THEFT,FENCED RESIDENTIAL YARD
01/17/2024 20:30,BURGLARY,GARAGE
01/17/2024 20:40,LARCENY-THEFT,DEPARTMENT / DISCOUNT STORE
01/17/2024 20:41,AGGRAVATED ASSAULT,STREET / ROADWAY / SIDEWALK
01/17/2024 20:48,MOTOR VEHICLE THEFT,DEPARTMENT / DISCOUNT STORE
01/17/2024 20:57,LARCENY-THEFT,DEPARTMENT / DISCOUNT STORE
01/17/2024 21:00,AGGRAVATED ASSAULT,ARENA / STADIUM / CONVENTION CENTER
01/17/2024 21:00,MOTOR VEHICLE THEFT,APARTMENT
01/17/2024 21:00,LARCENY-THEFT,APARTMENT
01/17/2024 21:29,AGGRAVATED ASSAULT,STREET / ROADWAY / SIDEWALK
01/17/2024 21:54,AGGRAVATED ASSAULT,STREET / ROADWAY / SIDEWALK
01/17/2024 22:20,LARCENY-THEFT,HOTEL / MOTEL
01/17/2024 22:36,LARCENY-THEFT,RESTAURANT
01/17/2024 22:40,DRUG OFFENSE,VEHICLE
01/17/2024 22:40,ROBBERY,STREET / ROADWAY / SIDEWALK
01/17/2024 22:40,AGGRAVATED ASSAULT,STREET / ROADWAY / SIDEWALK
01/17/2024 23:00,BURGLARY,APARTMENT
01/17/2024 23:00,MURDER AND NON-NEGLIGENT MANSLAUGHTER,EASEMENT
01/17/2024 23:08,AGGRAVATED ASSAULT,LIGHT RAIL PLATFORM
01/17/2024 23:16,AGGRAVATED ASSAULT,APARTMENT
01/17/2024 23:50,AGGRAVATED ASSAULT,STREET / ROADWAY / SIDEWALK
01/18/2024 0:00,LARCENY-THEFT,PARKING LOT
01/18/2024 0:00,LARCENY-THEFT,PARKING GARAGE
01/18/2024 0:00,LARCENY-THEFT,PARKING GARAGE
01/18/2024 0:00,DRUG OFFENSE,BUS STOP
01/18/2024 0:00,DRUG OFFENSE,PARKING LOT
01/18/2024 0:00,LARCENY-THEFT,PARKING LOT
01/18/2024 0:00,DRUG OFFENSE,PARKING LOT
01/18/2024 0:00,DRUG OFFENSE,RETAIL BUSINESS
01/18/2024 0:00,MOTOR VEHICLE THEFT,STREET / ROADWAY / SIDEWALK
01/18/2024 0:00,BURGLARY,GARAGE
01/18/2024 0:00,MOTOR VEHICLE THEFT,APARTMENT
01/18/2024 0:00,LARCENY-THEFT,OFFICE / COMMERCIAL BUILDING
01/18/2024 0:01,LARCENY-THEFT,FENCED RESIDENTIAL YARD
01/18/2024 0:01,LARCENY-THEFT,VEHICLE
01/18/2024 0:01,LARCENY-THEFT,FENCED COMMERCIAL YARD
01/18/2024 0:05,LARCENY-THEFT,CONVENIENCE MARKET / STORE
01/18/2024 0:40,DRUG OFFENSE,STREET / ROADWAY / SIDEWALK
01/18/2024 1:10,LARCENY-THEFT,CONVENIENCE MARKET / STORE
01/18/2024 1:53,LARCENY-THEFT,PARKING LOT
01/18/2024 3:00,ROBBERY,ALLEY
01/18/2024 3:03,AGGRAVATED ASSAULT,SPECIALTY STORE
01/18/2024 3:18,DRUG OFFENSE,STREET / ROADWAY / SIDEWALK
01/18/2024 4:13,BURGLARY,SPECIALTY STORE
01/18/2024 4:40,LARCENY-THEFT,PARKING LOT
01/18/2024 20:00,MOTOR VEHICLE THEFT,APARTMENT
01/18/2024 20:00,LARCENY-THEFT,DEPARTMENT / DISCOUNT STORE
01/18/2024 20:04,AGGRAVATED ASSAULT,GROCERY / SUPER MARKET
01/18/2024 20:12,DRUG OFFENSE,STREET / ROADWAY / SIDEWALK
01/18/2024 20:16,LARCENY-THEFT,DEPARTMENT / DISCOUNT STORE
01/18/2024 20:25,AGGRAVATED ASSAULT,FAST FOOD STORE
01/18/2024 20:30,DRUG OFFENSE,GAS / SERVICE STATION
01/18/2024 20:30,LARCENY-THEFT,RESTAURANT
01/18/2024 20:30,AGGRAVATED ASSAULT,SINGLE FAMILY HOUSE
01/18/2024 20:30,LARCENY-THEFT,CONVENIENCE MARKET / STORE
01/18/2024 20:50,BURGLARY,APARTMENT
01/18/2024 21:00,LARCENY-THEFT,VEHICLE
01/18/2024 21:21,ROBBERY,APARTMENT
01/18/2024 21:28,LARCENY-THEFT,VEHICLE
01/18/2024 21:32,LARCENY-THEFT,DRUG STORE
01/18/2024 22:00,BURGLARY,SHOPPING MALL
01/18/2024 22:00,LARCENY-THEFT,GROCERY / SUPER MARKET
01/18/2024 22:00,DRUG OFFENSE,VEHICLE
01/18/2024 22:19,AGGRAVATED ASSAULT,STREET / ROADWAY / SIDEWALK
01/18/2024 22:36,AGGRAVATED ASSAULT,APARTMENT
01/18/2024 22:55,DRUG OFFENSE,PARKING GARAGE
01/18/2024 23:00,LARCENY-THEFT,DRIVEWAY
01/18/2024 23:00,MOTOR VEHICLE THEFT,STREET / ROADWAY / SIDEWALK
01/18/2024 23:00,LARCENY-THEFT,VEHICLE
01/18/2024 23:10,DRUG OFFENSE,GAS / SERVICE STATION
01/19/2024 0:00,LARCENY-THEFT,SPECIALTY STORE
01/19/2024 0:00,LARCENY-THEFT,SHELTER-MISSION/HOMELESS
01/19/2024 0:00,DRUG OFFENSE,STREET / ROADWAY / SIDEWALK
01/19/2024 0:00,BURGLARY,APARTMENT
01/19/2024 0:00,LARCENY-THEFT,SINGLE FAMILY HOUSE
01/19/2024 0:00,DRUG OFFENSE,STREET / ROADWAY / SIDEWALK
01/19/2024 0:00,LARCENY-THEFT,PARKING LOT
01/19/2024 0:00,DRUG OFFENSE,STREET / ROADWAY / SIDEWALK
01/19/2024 0:00,AGGRAVATED ASSAULT,APARTMENT
01/19/2024 0:00,AGGRAVATED ASSAULT,SHOPPING MALL
01/19/2024 0:00,LARCENY-THEFT,OTHER
01/19/2024 0:01,LARCENY-THEFT,AUTO DEALERSHIP NEW/USED
01/19/2024 0:01,MOTOR VEHICLE THEFT,STREET / ROADWAY / SIDEWALK
01/19/2024 0:53,AGGRAVATED ASSAULT,MOBILE HOME
01/19/2024 1:00,LARCENY-THEFT,PARKING GARAGE
01/19/2024 1:06,DRUG OFFENSE,DRIVEWAY
01/19/2024 1:08,BURGLARY,SPECIALTY STORE
01/19/2024 1:32,LARCENY-THEFT,BUS STOP
01/19/2024 2:00,MOTOR VEHICLE THEFT,AUTO DEALERSHIP NEW/USED
01/19/2024 2:00,LARCENY-THEFT,APARTMENT
01/19/2024 2:00,DRUG OFFENSE,VEHICLE
01/19/2024 2:00,LARCENY-THEFT,DRIVEWAY
01/19/2024 2:07,MURDER AND NON-NEGLIGENT MANSLAUGHTER,PARKING LOT
01/19/2024 2:29,LARCENY-THEFT,DRIVEWAY
01/19/2024 3:00,MOTOR VEHICLE THEFT,STREET / ROADWAY / SIDEWALK
01/19/2024 3:00,MOTOR VEHICLE THEFT,DRIVEWAY
01/19/2024 3:30,MOTOR VEHICLE THEFT,DRIVEWAY
01/19/2024 3:40,MOTOR VEHICLE THEFT,DRIVEWAY
01/19/2024 3:44,AGGRAVATED ASSAULT,APARTMENT
01/19/2024 4:00,BURGLARY,APARTMENT
01/19/2024 4:00,BURGLARY,SPECIALTY STORE
01/19/2024 4:24,LARCENY-THEFT,SHOPPING MALL
01/19/2024 5:00,AGGRAVATED ASSAULT,APARTMENT
01/19/2024 5:00,LARCENY-THEFT,APARTMENT
01/19/2024 5:00,LARCENY-THEFT,APARTMENT
01/19/2024 20:00,LARCENY-THEFT,CONVENIENCE MARKET / STORE
01/19/2024 20:00,ROBBERY,DEPARTMENT / DISCOUNT STORE
01/19/2024 20:00,LARCENY-THEFT,APARTMENT
01/19/2024 20:00,BURGLARY,SINGLE FAMILY HOUSE
01/19/2024 20:00,MOTOR VEHICLE THEFT,APARTMENT
01/19/2024 20:00,LARCENY-THEFT,PARKING LOT
01/19/2024 20:00,LARCENY-THEFT,PARKING LOT
01/19/2024 20:04,LARCENY-THEFT,CONVENIENCE MARKET / STORE
01/19/2024 20:15,LARCENY-THEFT,STREET / ROADWAY / SIDEWALK
01/19/2024 20:18,BURGLARY,GARAGE
01/19/2024 20:25,LARCENY-THEFT,RETAIL BUSINESS
01/19/2024 20:32,LARCENY-THEFT,DEPARTMENT / DISCOUNT STORE
01/19/2024 20:39,DRUG OFFENSE,STREET / ROADWAY / SIDEWALK
01/19/2024 20:50,ROBBERY,PARKING LOT
01/19/2024 21:00,LARCENY-THEFT,FENCED RESIDENTIAL YARD
01/19/2024 21:00,LARCENY-THEFT,STREET / ROADWAY / SIDEWALK
01/19/2024 21:00,LARCENY-THEFT,CONVENIENCE MARKET / STORE
01/19/2024 21:30,MOTOR VEHICLE THEFT,DRIVEWAY
01/19/2024 21:30,MOTOR VEHICLE THEFT,APARTMENT
01/19/2024 21:30,MOTOR VEHICLE THEFT,STREET / ROADWAY / SIDEWALK
01/19/2024 22:00,BURGLARY,SCHOOL-ELEMENTARY/SECONDARY
01/19/2024 22:00,LARCENY-THEFT,RETAIL BUSINESS
01/19/2024 22:30,MOTOR VEHICLE THEFT,DRIVEWAY
01/19/2024 23:00,MOTOR VEHICLE THEFT,APARTMENT
01/19/2024 23:00,LARCENY-THEFT,VEHICLE
01/19/2024 23:05,BURGLARY,APARTMENT
01/19/2024 23:08,LARCENY-THEFT,PARKING LOT
01/19/2024 23:40,MOTOR VEHICLE THEFT,DRIVEWAY
01/20/2024 0:00,LARCENY-THEFT,SPECIALTY STORE
01/20/2024 0:00,BURGLARY,SINGLE FAMILY HOUSE
01/20/2024 0:00,BURGLARY,APARTMENT
01/20/2024 0:00,LARCENY-THEFT,APARTMENT
01/20/2024 0:00,LARCENY-THEFT,STREET / ROADWAY / SIDEWALK
01/20/2024 0:00,BURGLARY,CONDO / TOWNHOUSE
01/20/2024 0:00,BURGLARY,STOREROOM/SHED (COMMERCIAL)
01/20/2024 0:00,DRUG OFFENSE,STREET / ROADWAY / SIDEWALK
01/20/2024 0:00,MOTOR VEHICLE THEFT,SHOPPING MALL
01/20/2024 0:00,LARCENY-THEFT,STREET / ROADWAY / SIDEWALK
01/20/2024 0:00,AGGRAVATED ASSAULT,PARK / PLAYGROUND
01/20/2024 0:00,MOTOR VEHICLE THEFT,APARTMENT
01/20/2024 0:00,AGGRAVATED ASSAULT,APARTMENT
01/20/2024 0:00,LARCENY-THEFT,DEPARTMENT / DISCOUNT STORE
01/20/2024 0:00,BURGLARY,RENTAL STORAGE / FACILITY
01/20/2024 0:00,LARCENY-THEFT,VEHICLE
01/20/2024 0:01,AGGRAVATED ASSAULT,STREET / ROADWAY / SIDEWALK
01/20/2024 0:03,ARSON,DRUG STORE
01/20/2024 0:13,MOTOR VEHICLE THEFT,APARTMENT
01/20/2024 0:17,AGGRAVATED ASSAULT,OFFICE / COMMERCIAL BUILDING
01/20/2024 1:00,LARCENY-THEFT,SINGLE FAMILY HOUSE
01/20/2024 1:30,LARCENY-THEFT,DRIVEWAY
01/20/2024 1:30,LARCENY-THEFT,FENCED COMMERCIAL YARD
01/20/2024 1:30,BURGLARY,GARAGE
01/20/2024 1:30,AGGRAVATED ASSAULT,SINGLE FAMILY HOUSE
01/20/2024 1:50,LARCENY-THEFT,CONVENIENCE MARKET / STORE
01/20/2024 2:04,ROBBERY,CONVENIENCE MARKET / STORE
01/20/2024 3:00,LARCENY-THEFT,PARKING LOT
01/20/2024 3:18,AGGRAVATED ASSAULT,STREET / ROADWAY / SIDEWALK
01/20/2024 4:00,MOTOR VEHICLE THEFT,APARTMENT
01/20/2024 4:30,LARCENY-THEFT,SINGLE FAMILY HOUSE
01/20/2024 4:40,BURGLARY,APARTMENT
01/20/2024 4:50,BURGLARY,RESTAURANT
01/20/2024 20:00,LARCENY-THEFT,SCHOOL-ELEMENTARY/SECONDARY
01/20/2024 20:00,RAPE,APARTMENT
01/20/2024 20:00,BURGLARY,FAST FOOD STORE
01/20/2024 20:00,LARCENY-THEFT,PARKING LOT
01/20/2024 20:00,MOTOR VEHICLE THEFT,STREET / ROADWAY / SIDEWALK
01/20/2024 20:00,MOTOR VEHICLE THEFT,SINGLE FAMILY HOUSE
01/20/2024 20:10,AGGRAVATED ASSAULT,FAST FOOD STORE
01/20/2024 20:11,LARCENY-THEFT,SPECIALTY STORE
01/20/2024 20:19,LARCENY-THEFT,DEPARTMENT / DISCOUNT STORE
01/20/2024 20:26,LARCENY-THEFT,DEPARTMENT / DISCOUNT STORE
01/20/2024 20:30,MOTOR VEHICLE THEFT,APARTMENT
01/20/2024 20:45,LARCENY-THEFT,CONVENIENCE MARKET / STORE
01/20/2024 21:00,ARSON,PARKING LOT
01/20/2024 21:00,BURGLARY,SINGLE FAMILY HOUSE
01/20/2024 21:00,MOTOR VEHICLE THEFT,APARTMENT
01/20/2024 21:22,AGGRAVATED ASSAULT,STREET / ROADWAY / SIDEWALK
01/20/2024 21:40,LARCENY-THEFT,PARKING LOT
01/20/2024 21:58,ROBBERY,PARKING LOT
01/20/2024 21:59,LARCENY-THEFT,DEPARTMENT / DISCOUNT STORE
01/20/2024 22:00,LARCENY-THEFT,DRIVEWAY
01/20/2024 22:00,MOTOR VEHICLE THEFT,APARTMENT
01/20/2024 22:00,LARCENY-THEFT,PARKING LOT
01/20/2024 22:00,MOTOR VEHICLE THEFT,STREET / ROADWAY / SIDEWALK
01/20/2024 22:00,MOTOR VEHICLE THEFT,OFFICE / COMMERCIAL BUILDING
01/20/2024 22:00,LARCENY-THEFT,PARKING LOT
01/20/2024 22:06,LARCENY-THEFT,CONVENIENCE MARKET / STORE
01/20/2024 22:11,DRUG OFFENSE,GAS / SERVICE STATION
01/20/2024 22:20,LARCENY-THEFT,CONVENIENCE MARKET / STORE
01/20/2024 22:23,AGGRAVATED ASSAULT,STREET / ROADWAY / SIDEWALK
01/20/2024 22:30,LARCENY-THEFT,APARTMENT
01/20/2024 22:30,RAPE,VEHICLE
01/20/2024 22:30,MOTOR VEHICLE THEFT,APARTMENT
01/20/2024 23:00,LARCENY-THEFT,PARKING LOT
01/20/2024 23:00,MOTOR VEHICLE THEFT,STREET / ROADWAY / SIDEWALK
01/20/2024 23:00,RAPE,HOTEL / MOTEL
01/20/2024 23:13,DRUG OFFENSE,STREET / ROADWAY / SIDEWALK
01/20/2024 23:50,AGGRAVATED ASSAULT,STREET / ROADWAY / SIDEWALK
01/20/2024 23:59,MOTOR VEHICLE THEFT,STREET / ROADWAY / SIDEWALK
01/21/2024 0:00,AGGRAVATED ASSAULT,APARTMENT
01/21/2024 0:00,RAPE,UNKNOWN
01/21/2024 0:00,BURGLARY,SINGLE FAMILY HOUSE
01/21/2024 0:00,AGGRAVATED ASSAULT,DRIVEWAY
01/21/2024 0:00,BURGLARY,FAST FOOD STORE
01/21/2024 0:00,MOTOR VEHICLE THEFT,STREET / ROADWAY / SIDEWALK
01/21/2024 0:00,BURGLARY,APARTMENT
01/21/2024 0:00,AGGRAVATED ASSAULT,STREET / ROADWAY / SIDEWALK
01/21/2024 0:00,ROBBERY,APARTMENT
01/21/2024 0:00,LARCENY-THEFT,DEPARTMENT / DISCOUNT STORE
01/21/2024 0:00,LARCENY-THEFT,VEHICLE
01/21/2024 0:00,LARCENY-THEFT,SINGLE FAMILY HOUSE
01/21/2024 0:41,LARCENY-THEFT,APARTMENT
01/21/2024 1:00,AGGRAVATED ASSAULT,APARTMENT
01/21/2024 1:17,LARCENY-THEFT,OFFICE / COMMERCIAL BUILDING
01/21/2024 1:40,BURGLARY,APARTMENT
01/21/2024 2:00,RAPE,APARTMENT
01/21/2024 2:40,MOTOR VEHICLE THEFT,CONVENIENCE MARKET / STORE
01/21/2024 2:55,DRUG OFFENSE,STREET / ROADWAY / SIDEWALK
01/21/2024 3:00,LARCENY-THEFT,FENCED COMMERCIAL YARD
01/21/2024 3:00,AGGRAVATED ASSAULT,CONVENIENCE MARKET / STORE
01/21/2024 3:00,BURGLARY,CONVENIENCE MARKET / STORE
01/21/2024 3:00,AGGRAVATED ASSAULT,APARTMENT
01/21/2024 3:05,AGGRAVATED ASSAULT,GAS / SERVICE STATION
01/21/2024 3:21,AGGRAVATED ASSAULT,SINGLE FAMILY HOUSE
01/21/2024 3:36,DRUG OFFENSE,GAS / SERVICE STATION
01/21/2024 3:37,ARSON,CONVENIENCE MARKET / STORE
01/21/2024 3:48,LARCENY-THEFT,APARTMENT
01/21/2024 4:16,LARCENY-THEFT,OTHER
01/21/2024 4:24,MOTOR VEHICLE THEFT,DRIVEWAY
01/21/2024 20:00,AGGRAVATED ASSAULT,HOTEL / MOTEL
01/21/2024 20:00,LARCENY-THEFT,VEHICLE
01/21/2024 20:00,LARCENY-THEFT,VEHICLE
01/21/2024 20:00,MOTOR VEHICLE THEFT,APARTMENT
01/21/2024 20:00,MOTOR VEHICLE THEFT,APARTMENT
01/21/2024 20:10,MOTOR VEHICLE THEFT,FAST FOOD STORE
01/21/2024 20:32,AGGRAVATED ASSAULT,PARKING LOT
01/21/2024 20:35,LARCENY-THEFT,SPECIALTY STORE
01/21/2024 21:00,MOTOR VEHICLE THEFT,OFFICE / COMMERCIAL BUILDING
01/21/2024 21:00,LARCENY-THEFT,STREET / ROADWAY / SIDEWALK
01/21/2024 21:00,LARCENY-THEFT,SINGLE FAMILY HOUSE
01/21/2024 21:22,AGGRAVATED ASSAULT,APARTMENT
01/21/2024 21:30,LARCENY-THEFT,PARKING LOT
01/21/2024 22:00,RAPE,PARKING LOT
01/21/2024 22:00,LARCENY-THEFT,RESTAURANT
01/21/2024 22:00,LARCENY-THEFT,DRIVEWAY
01/21/2024 22:00,LARCENY-THEFT,VEHICLE
01/21/2024 22:00,AGGRAVATED ASSAULT,MOBILE HOME
01/21/2024 22:00,LARCENY-THEFT,SINGLE FAMILY HOUSE
01/21/2024 22:12,DRUG OFFENSE,STREET / ROADWAY / SIDEWALK
01/21/2024 22:14,ROBBERY,APARTMENT
01/21/2024 22:37,AGGRAVATED ASSAULT,APARTMENT
01/21/2024 22:40,LARCENY-THEFT,DEPARTMENT / DISCOUNT STORE
01/21/2024 22:50,AGGRAVATED ASSAULT,GOVERNMENT / PUBLIC BUILDING
01/21/2024 23:00,LARCENY-THEFT,PARKING LOT
01/21/2024 23:00,LARCENY-THEFT,PARKING LOT
01/21/2024 23:00,MOTOR VEHICLE THEFT,APARTMENT
01/21/2024 23:00,BURGLARY,FAST FOOD STORE
01/22/2024 0:00,DRUG OFFENSE,STREET / ROADWAY / SIDEWALK
01/22/2024 0:00,DRUG OFFENSE,STREET / ROADWAY / SIDEWALK
01/22/2024 0:00,LARCENY-THEFT,VEHICLE
01/22/2024 0:00,LARCENY-THEFT,STREET / ROADWAY / SIDEWALK
01/22/2024 0:00,LARCENY-THEFT,FENCED COMMERCIAL YARD
01/22/2024 0:00,MOTOR VEHICLE THEFT,OFFICE / COMMERCIAL BUILDING
01/22/2024 0:00,LARCENY-THEFT,PARKING LOT
01/22/2024 0:00,LARCENY-THEFT,APARTMENT
01/22/2024 0:00,MOTOR VEHICLE THEFT,CONDO / TOWNHOUSE
01/22/2024 0:00,RAPE,APARTMENT
01/22/2024 0:00,LARCENY-THEFT,UNKNOWN
01/22/2024 0:00,DRUG OFFENSE,PARK / PLAYGROUND
01/22/2024 0:00,DRUG OFFENSE,PARK / PLAYGROUND
01/22/2024 0:00,LARCENY-THEFT,PARKING LOT
01/22/2024 0:00,DRUG OFFENSE,PARK / PLAYGROUND
01/22/2024 0:00,ARSON,SINGLE FAMILY HOUSE
01/22/2024 0:00,LARCENY-THEFT,DRIVEWAY
01/22/2024 0:01,LARCENY-THEFT,HOTEL / MOTEL
01/22/2024 0:27,LARCENY-THEFT,VEHICLE
01/22/2024 1:00,LARCENY-THEFT,PARKING LOT
01/22/2024 1:14,DRUG OFFENSE,OTHER
01/22/2024 1:30,LARCENY-THEFT,CONSTRUCTION SITE
01/22/2024 2:04,MOTOR VEHICLE THEFT,STREET / ROADWAY / SIDEWALK
01/22/2024 2:58,MOTOR VEHICLE THEFT,STREET / ROADWAY / SIDEWALK
01/22/2024 3:00,RAPE,VEHICLE
01/22/2024 3:45,LARCENY-THEFT,CONVENIENCE MARKET / STORE
01/22/2024 4:00,BURGLARY,APARTMENT
01/22/2024 4:01,MOTOR VEHICLE THEFT,OFFICE / COMMERCIAL BUILDING
01/22/2024 4:02,BURGLARY,WAREHOUSE / FACTORY
01/22/2024 4:48,DRUG OFFENSE,VEHICLE
01/22/2024 5:00,BURGLARY,GARAGE
01/22/2024 5:00,BURGLARY,APARTMENT
01/22/2024 20:00,LARCENY-THEFT,VEHICLE
01/22/2024 20:00,MOTOR VEHICLE THEFT,APARTMENT
01/22/2024 20:00,LARCENY-THEFT,SINGLE FAMILY HOUSE
01/22/2024 20:02,DRUG OFFENSE,STREET / ROADWAY / SIDEWALK
01/22/2024 20:06,MOTOR VEHICLE THEFT,APARTMENT
01/22/2024 20:07,ROBBERY,PARKING LOT
01/22/2024 20:30,MOTOR VEHICLE THEFT,APARTMENT
01/22/2024 20:41,LARCENY-THEFT,APARTMENT
01/22/2024 21:00,LARCENY-THEFT,PARKING LOT
01/22/2024 21:00,LARCENY-THEFT,DRIVEWAY
01/22/2024 21:00,LARCENY-THEFT,PARKING LOT
01/22/2024 21:11,AGGRAVATED ASSAULT,SINGLE FAMILY HOUSE
01/22/2024 21:30,LARCENY-THEFT,HOTEL / MOTEL
01/22/2024 21:30,LARCENY-THEFT,DEPARTMENT / DISCOUNT STORE
01/22/2024 21:30,BURGLARY,APARTMENT
01/22/2024 21:37,ROBBERY,PARKING LOT
01/22/2024 21:40,AGGRAVATED ASSAULT,APARTMENT
01/22/2024 21:59,DRUG OFFENSE,VEHICLE
01/22/2024 22:00,BURGLARY,GARAGE
01/22/2024 22:00,BURGLARY,STOREROOM/SHED (COMMERCIAL)
01/22/2024 22:00,LARCENY-THEFT,PARKING LOT
01/22/2024 22:00,LARCENY-THEFT,APARTMENT
01/22/2024 22:30,LARCENY-THEFT,PARKING LOT
01/22/2024 22:37,AGGRAVATED ASSAULT,APARTMENT
01/22/2024 22:50,AGGRAVATED ASSAULT,SINGLE FAMILY HOUSE
01/22/2024 22:55,LARCENY-THEFT,GAS / SERVICE STATION
01/22/2024 22:57,DRUG OFFENSE,VEHICLE
01/22/2024 23:00,LARCENY-THEFT,STREET / ROADWAY / SIDEWALK
01/22/2024 23:30,LARCENY-THEFT,PARKING LOT
01/23/2024 0:00,DRUG OFFENSE,VEHICLE
01/23/2024 0:00,LARCENY-THEFT,APARTMENT
01/23/2024 0:00,MOTOR VEHICLE THEFT,DRIVEWAY
01/23/2024 0:00,LARCENY-THEFT,PARKING LOT
01/23/2024 0:00,LARCENY-THEFT,OTHER
01/23/2024 0:00,LARCENY-THEFT,AIRPORT
01/23/2024 0:00,BURGLARY,GARAGE
01/23/2024 0:00,ROBBERY,VEHICLE
01/23/2024 0:00,LARCENY-THEFT,APARTMENT
01/23/2024 0:00,MOTOR VEHICLE THEFT,AUTO DEALERSHIP NEW/USED
01/23/2024 0:00,LARCENY-THEFT,PARKING LOT
01/23/2024 0:00,LARCENY-THEFT,PARKING LOT
01/23/2024 0:01,LARCENY-THEFT,APARTMENT
01/23/2024 0:01,LARCENY-THEFT,PARKING LOT
01/23/2024 0:01,LARCENY-THEFT,PARKING LOT
01/23/2024 0:26,MOTOR VEHICLE THEFT,APARTMENT
01/23/2024 1:00,MOTOR VEHICLE THEFT,APARTMENT
01/23/2024 1:18,AGGRAVATED ASSAULT,APARTMENT
01/23/2024 1:20,LARCENY-THEFT,PARKING LOT
01/23/2024 1:27,LARCENY-THEFT,FENCED RESIDENTIAL YARD
01/23/2024 1:30,MOTOR VEHICLE THEFT,APARTMENT
01/23/2024 3:00,MOTOR VEHICLE THEFT,APARTMENT
01/23/2024 3:42,LARCENY-THEFT,SINGLE FAMILY HOUSE
01/23/2024 4:00,MOTOR VEHICLE THEFT,STREET / ROADWAY / SIDEWALK
01/23/2024 4:08,MOTOR VEHICLE THEFT,STREET / ROADWAY / SIDEWALK
01/23/2024 4:25,BURGLARY,OFFICE / COMMERCIAL BUILDING
01/23/2024 5:00,MOTOR VEHICLE THEFT,APARTMENT
01/23/2024 20:00,LARCENY-THEFT,SINGLE FAMILY HOUSE
01/23/2024 20:32,LARCENY-THEFT,RETAIL BUSINESS
01/23/2024 21:16,LARCENY-THEFT,DEPARTMENT / DISCOUNT STORE
01/23/2024 21:35,MOTOR VEHICLE THEFT,APARTMENT
01/23/2024 21:40,ROBBERY,STREET / ROADWAY / SIDEWALK
01/23/2024 21:45,AGGRAVATED ASSAULT,STREET / ROADWAY / SIDEWALK
01/23/2024 21:45,MOTOR VEHICLE THEFT,STREET / ROADWAY / SIDEWALK
01/23/2024 21:51,LARCENY-THEFT,RETAIL BUSINESS
01/23/2024 21:52,ROBBERY,PARKING LOT
01/23/2024 21:58,LARCENY-THEFT,PARKING LOT
01/23/2024 22:23,AGGRAVATED ASSAULT,OTHER
01/23/2024 22:34,BURGLARY,CONVENIENCE MARKET / STORE
01/23/2024 23:00,LARCENY-THEFT,APARTMENT
01/23/2024 23:08,DRUG OFFENSE,STREET / ROADWAY / SIDEWALK
01/23/2024 23:16,DRUG OFFENSE,VEHICLE
01/23/2024 23:53,MOTOR VEHICLE THEFT,STREET / ROADWAY / SIDEWALK
01/24/2024 0:00,DRUG OFFENSE,STREET / ROADWAY / SIDEWALK
01/24/2024 0:00,DRUG OFFENSE,PARKING LOT
01/24/2024 0:00,MOTOR VEHICLE THEFT,APARTMENT
01/24/2024 0:00,LARCENY-THEFT,DRIVEWAY
01/24/2024 0:00,LARCENY-THEFT,SINGLE FAMILY HOUSE
01/24/2024 0:00,DRUG OFFENSE,STREET / ROADWAY / SIDEWALK
01/24/2024 0:00,DRUG OFFENSE,CONVENIENCE MARKET / STORE
01/24/2024 0:00,RAPE,UNKNOWN
01/24/2024 0:00,MOTOR VEHICLE THEFT,APARTMENT
01/24/2024 0:00,LARCENY-THEFT,PARKING LOT
01/24/2024 0:00,DRUG OFFENSE,STREET / ROADWAY / SIDEWALK
01/24/2024 0:00,DRUG OFFENSE,STREET / ROADWAY / SIDEWALK
01/24/2024 0:00,LARCENY-THEFT,PARKING LOT
01/24/2024 0:01,ARSON,SINGLE FAMILY HOUSE
01/24/2024 0:52,DRUG OFFENSE,STREET / ROADWAY / SIDEWALK
01/24/2024 1:00,BURGLARY,FAST FOOD STORE
01/24/2024 1:16,BURGLARY,SPECIALTY STORE
01/24/2024 1:20,DRUG OFFENSE,PARK / PLAYGROUND
01/24/2024 1:39,LARCENY-THEFT,DRIVEWAY
01/24/2024 1:56,LARCENY-THEFT,SINGLE FAMILY HOUSE
01/24/2024 2:00,LARCENY-THEFT,RESTAURANT
01/24/2024 2:03,BURGLARY,OFFICE / COMMERCIAL BUILDING
01/24/2024 2:30,MOTOR VEHICLE THEFT,APARTMENT
01/24/2024 2:30,MOTOR VEHICLE THEFT,APARTMENT
01/24/2024 2:50,MOTOR VEHICLE THEFT,RENTAL STORAGE / FACILITY
01/24/2024 2:51,BURGLARY,SPECIALTY STORE
01/24/2024 2:54,DRUG OFFENSE,STREET / ROADWAY / SIDEWALK
01/24/2024 3:00,LARCENY-THEFT,SINGLE FAMILY HOUSE
01/24/2024 3:30,AGGRAVATED ASSAULT,APARTMENT
01/24/2024 3:33,AGGRAVATED ASSAULT,STREET / ROADWAY / SIDEWALK
01/24/2024 3:42,BURGLARY,CONVENIENCE MARKET / STORE
01/24/2024 4:00,MOTOR VEHICLE THEFT,STREET / ROADWAY / SIDEWALK
01/24/2024 4:35,LARCENY-THEFT,CONVENIENCE MARKET / STORE
01/24/2024 4:55,DRUG OFFENSE,VEHICLE
01/24/2024 5:00,BURGLARY,APARTMENT
01/24/2024 5:00,LARCENY-THEFT,DRIVEWAY
01/24/2024 20:00,ROBBERY,ALLEY
01/24/2024 20:00,LARCENY-THEFT,APARTMENT
01/24/2024 20:03,LARCENY-THEFT,DEPARTMENT / DISCOUNT STORE
01/24/2024 20:06,ROBBERY,STREET / ROADWAY / SIDEWALK
01/24/2024 20:14,LARCENY-THEFT,DEPARTMENT / DISCOUNT STORE
01/24/2024 20:19,ROBBERY,APARTMENT
01/24/2024 20:30,LARCENY-THEFT,DEPARTMENT / DISCOUNT STORE
01/24/2024 20:30,MOTOR VEHICLE THEFT,APARTMENT
01/24/2024 20:31,ROBBERY,PARKING LOT
01/24/2024 20:34,LARCENY-THEFT,CONVENIENCE MARKET / STORE
01/24/2024 20:39,ROBBERY,APARTMENT
01/24/2024 20:45,BURGLARY,STOREROOM/SHED (COMMERCIAL)
01/24/2024 21:19,LARCENY-THEFT,DEPARTMENT / DISCOUNT STORE
01/24/2024 21:20,AGGRAVATED ASSAULT,GROCERY / SUPER MARKET
01/24/2024 21:30,MOTOR VEHICLE THEFT,APARTMENT
01/24/2024 21:30,BURGLARY,SINGLE FAMILY HOUSE
01/24/2024 21:30,MOTOR VEHICLE THEFT,APARTMENT
01/24/2024 22:00,ROBBERY,STREET / ROADWAY / SIDEWALK
01/24/2024 22:00,LARCENY-THEFT,PARKING LOT
01/24/2024 22:00,MOTOR VEHICLE THEFT,DRIVEWAY
01/24/2024 22:00,LARCENY-THEFT,CONSTRUCTION SITE
01/24/2024 22:15,ROBBERY,CONVENIENCE MARKET / STORE
01/24/2024 22:17,MOTOR VEHICLE THEFT,WAREHOUSE / FACTORY
01/24/2024 22:30,AGGRAVATED ASSAULT,APARTMENT
01/24/2024 23:00,LARCENY-THEFT,PARKING LOT
01/24/2024 23:00,MOTOR VEHICLE THEFT,RESTAURANT
01/24/2024 23:00,LARCENY-THEFT,PARKING LOT
01/24/2024 23:10,AGGRAVATED ASSAULT,FIELD/WOODS
01/24/2024 23:40,AGGRAVATED ASSAULT,STREET / ROADWAY / SIDEWALK
01/25/2024 0:00,DRUG OFFENSE,STREET / ROADWAY / SIDEWALK
01/25/2024 0:00,LARCENY-THEFT,APARTMENT
01/25/2024 0:00,LARCENY-THEFT,APARTMENT
01/25/2024 0:00,MOTOR VEHICLE THEFT,APARTMENT
01/25/2024 0:00,DRUG OFFENSE,STREET / ROADWAY / SIDEWALK
01/25/2024 0:00,LARCENY-THEFT,GROCERY / SUPER MARKET
01/25/2024 0:00,ARSON,
01/25/2024 0:00,LARCENY-THEFT,SINGLE FAMILY HOUSE
01/25/2024 0:00,LARCENY-THEFT,PARKING LOT
01/25/2024 0:00,LARCENY-THEFT,STREET / ROADWAY / SIDEWALK
01/25/2024 0:00,LARCENY-THEFT,DRIVEWAY
01/25/2024 0:00,AGGRAVATED ASSAULT,PARKING GARAGE
01/25/2024 0:00,DRUG OFFENSE,BUS STOP
01/25/2024 0:00,LARCENY-THEFT,STREET / ROADWAY / SIDEWALK
01/25/2024 0:05,LARCENY-THEFT,PARKING LOT
01/25/2024 0:40,MOTOR VEHICLE THEFT,RENTAL STORAGE / FACILITY
01/25/2024 1:00,MOTOR VEHICLE THEFT,DRIVEWAY
01/25/2024 1:08,AGGRAVATED ASSAULT,ALLEY
01/25/2024 1:17,LARCENY-THEFT,ALLEY
01/25/2024 1:22,LARCENY-THEFT,CONDO / TOWNHOUSE
01/25/2024 1:30,BURGLARY,CONSTRUCTION SITE
01/25/2024 2:50,MOTOR VEHICLE THEFT,SINGLE FAMILY HOUSE
01/25/2024 2:55,LARCENY-THEFT,APARTMENT
01/25/2024 2:56,LARCENY-THEFT,DRIVEWAY
01/25/2024 3:00,LARCENY-THEFT,VEHICLE
01/25/2024 3:00,LARCENY-THEFT,SINGLE FAMILY HOUSE
01/25/2024 3:18,BURGLARY,STOREROOM/SHED (COMMERCIAL)
01/25/2024 3:30,LARCENY-THEFT,DRUG STORE
01/25/2024 4:00,DRUG OFFENSE,BUS STOP
01/25/2024 4:06,LARCENY-THEFT,SINGLE FAMILY HOUSE
01/25/2024 4:49,MOTOR VEHICLE THEFT,STREET / ROADWAY / SIDEWALK
01/25/2024 5:00,MOTOR VEHICLE THEFT,APARTMENT
01/25/2024 20:00,RAPE,APARTMENT
01/25/2024 20:00,MOTOR VEHICLE THEFT,STREET / ROADWAY / SIDEWALK
01/25/2024 20:00,LARCENY-THEFT,APARTMENT
01/25/2024 20:02,AGGRAVATED ASSAULT,SINGLE FAMILY HOUSE
01/25/2024 20:06,ROBBERY,DEPARTMENT / DISCOUNT STORE
01/25/2024 20:30,MOTOR VEHICLE THEFT,PARKING LOT
01/25/2024 20:30,AGGRAVATED ASSAULT,SINGLE FAMILY HOUSE
01/25/2024 20:30,AGGRAVATED ASSAULT,APARTMENT
01/25/2024 20:59,MURDER AND NON-NEGLIGENT MANSLAUGHTER,SINGLE FAMILY HOUSE
01/25/2024 21:00,LARCENY-THEFT,PARKING LOT
01/25/2024 21:00,MOTOR VEHICLE THEFT,APARTMENT
01/25/2024 21:00,MOTOR VEHICLE THEFT,CONDO / TOWNHOUSE
01/25/2024 21:30,AGGRAVATED ASSAULT,STREET / ROADWAY / SIDEWALK
01/25/2024 21:59,LARCENY-THEFT,PARKING LOT
01/25/2024 22:09,DRUG OFFENSE,VEHICLE
01/25/2024 22:30,MOTOR VEHICLE THEFT,DRIVEWAY
01/25/2024 22:54,AGGRAVATED ASSAULT,CONVENIENCE MARKET / STORE
01/25/2024 23:00,LARCENY-THEFT,DRIVEWAY
01/25/2024 23:13,DRUG OFFENSE,STREET / ROADWAY / SIDEWALK
01/25/2024 23:45,LARCENY-THEFT,STREET / ROADWAY / SIDEWALK
01/26/2024 0:00,DRUG OFFENSE,STREET / ROADWAY / SIDEWALK
01/26/2024 0:00,LARCENY-THEFT,SINGLE FAMILY HOUSE
01/26/2024 0:00,LARCENY-THEFT,SCHOOL-ELEMENTARY/SECONDARY
01/26/2024 0:00,DRUG OFFENSE,BUS STOP
01/26/2024 0:00,LARCENY-THEFT,PARKING LOT
01/26/2024 0:00,LARCENY-THEFT,PARKING GARAGE
01/26/2024 0:00,LARCENY-THEFT,SINGLE FAMILY HOUSE
01/26/2024 0:00,MOTOR VEHICLE THEFT,UNKNOWN
01/26/2024 0:00,RAPE,HOTEL / MOTEL
01/26/2024 0:00,LARCENY-THEFT,CONDO / TOWNHOUSE
01/26/2024 0:00,LARCENY-THEFT,OTHER
01/26/2024 0:00,DRUG OFFENSE,SINGLE FAMILY HOUSE
01/26/2024 0:00,DRUG OFFENSE,BUS STOP
01/26/2024 0:00,LARCENY-THEFT,SPECIALTY STORE
01/26/2024 0:01,LARCENY-THEFT,APARTMENT
01/26/2024 0:04,DRUG OFFENSE,VEHICLE
01/26/2024 1:00,BURGLARY,SINGLE FAMILY HOUSE
01/26/2024 1:13,DRUG OFFENSE,BUS STOP
01/26/2024 1:19,ROBBERY,STREET / ROADWAY / SIDEWALK
01/26/2024 1:27,LARCENY-THEFT,RENTAL STORAGE / FACILITY
01/26/2024 1:41,MOTOR VEHICLE THEFT,DRIVEWAY
01/26/2024 2:00,MOTOR VEHICLE THEFT,APARTMENT
01/26/2024 2:09,MOTOR VEHICLE THEFT,FAST FOOD STORE
01/26/2024 2:45,LARCENY-THEFT,FENCED COMMERCIAL YARD
01/26/2024 3:00,LARCENY-THEFT,FENCED RESIDENTIAL YARD
01/26/2024 3:00,LARCENY-THEFT,PARKING LOT
01/26/2024 3:04,DRUG OFFENSE,OFFICE / COMMERCIAL BUILDING
01/26/2024 4:00,BURGLARY,APARTMENT
01/26/2024 4:30,MOTOR VEHICLE THEFT,SINGLE FAMILY HOUSE
01/26/2024 4:42,LARCENY-THEFT,SINGLE FAMILY HOUSE
01/26/2024 4:50,LARCENY-THEFT,CONVENIENCE MARKET / STORE
01/26/2024 5:00,LARCENY-THEFT,APARTMENT
01/26/2024 20:00,LARCENY-THEFT,APARTMENT
01/26/2024 20:00,LARCENY-THEFT,BAR / LOUNG / NIGHT CLUB
01/26/2024 20:00,LARCENY-THEFT,PARKING LOT
01/26/2024 20:08,LARCENY-THEFT,SINGLE FAMILY HOUSE
01/26/2024 20:09,LARCENY-THEFT,SPECIALTY STORE
01/26/2024 20:29,LARCENY-THEFT,DRIVEWAY
01/26/2024 20:33,AGGRAVATED ASSAULT,STREET / ROADWAY / SIDEWALK
01/26/2024 20:35,LARCENY-THEFT,CONVENIENCE MARKET / STORE
01/26/2024 20:50,BURGLARY,APARTMENT
01/26/2024 20:52,BURGLARY,SINGLE FAMILY HOUSE
01/26/2024 21:00,LARCENY-THEFT,PARKING LOT
01/26/2024 21:00,LARCENY-THEFT,SINGLE FAMILY HOUSE
01/26/2024 21:04,LARCENY-THEFT,DEPARTMENT / DISCOUNT STORE
01/26/2024 21:08,ROBBERY,CONVENIENCE MARKET / STORE
01/26/2024 21:30,AGGRAVATED ASSAULT,DEPARTMENT / DISCOUNT STORE
01/26/2024 22:00,MOTOR VEHICLE THEFT,SINGLE FAMILY HOUSE
01/26/2024 22:13,DRUG OFFENSE,STREET / ROADWAY / SIDEWALK
01/26/2024 22:17,AGGRAVATED ASSAULT,SINGLE FAMILY HOUSE
01/26/2024 22:27,LARCENY-THEFT,DEPARTMENT / DISCOUNT STORE
01/26/2024 22:47,AGGRAVATED ASSAULT,APARTMENT
01/26/2024 23:00,ROBBERY,ALLEY
01/26/2024 23:00,LARCENY-THEFT,OTHER
01/26/2024 23:00,LARCENY-THEFT,SINGLE FAMILY HOUSE
01/26/2024 23:00,MOTOR VEHICLE THEFT,HOTEL / MOTEL
01/26/2024 23:23,AGGRAVATED ASSAULT,STREET / ROADWAY / SIDEWALK
01/26/2024 23:30,LARCENY-THEFT,PARKING LOT
01/26/2024 23:52,ROBBERY,CONVENIENCE MARKET / STORE
01/27/2024 0:00,RAPE,APARTMENT
01/27/2024 0:00,LARCENY-THEFT,APARTMENT
01/27/2024 0:00,DRUG OFFENSE,RETAIL BUSINESS
01/27/2024 0:00,LARCENY-THEFT,FENCED COMMERCIAL YARD
01/27/2024 0:00,AGGRAVATED ASSAULT,APARTMENT
01/27/2024 0:00,MOTOR VEHICLE THEFT,STREET / ROADWAY / SIDEWALK
01/27/2024 0:00,BURGLARY,RESTAURANT
01/27/2024 0:00,LARCENY-THEFT,VEHICLE
01/27/2024 0:00,AGGRAVATED ASSAULT,STREET / ROADWAY / SIDEWALK
01/27/2024 0:00,LARCENY-THEFT,APARTMENT
01/27/2024 0:00,AGGRAVATED ASSAULT,APARTMENT
01/27/2024 0:00,LARCENY-THEFT,MOBILE HOME
01/27/2024 0:00,LARCENY-THEFT,VEHICLE
01/27/2024 0:01,LARCENY-THEFT,STREET / ROADWAY / SIDEWALK
01/27/2024 0:01,LARCENY-THEFT,PARKING LOT
01/27/2024 0:01,BURGLARY,LOAN / FINANCE COMPANY
01/27/2024 0:02,LARCENY-THEFT,VEHICLE
01/27/2024 0:10,LARCENY-THEFT,DRUG STORE
01/27/2024 0:48,LARCENY-THEFT,CONVENIENCE MARKET / STORE
01/27/2024 1:00,LARCENY-THEFT,OTHER
01/27/2024 1:06,LARCENY-THEFT,APARTMENT
01/27/2024 1:39,AGGRAVATED ASSAULT,BAR / LOUNG / NIGHT CLUB
01/27/2024 1:40,MOTOR VEHICLE THEFT,APARTMENT
01/27/2024 2:00,LARCENY-THEFT,RESTAURANT
01/27/2024 2:20,LARCENY-THEFT,CONVENIENCE MARKET / STORE
01/27/2024 2:23,AGGRAVATED ASSAULT,APARTMENT
01/27/2024 2:30,MOTOR VEHICLE THEFT,SINGLE FAMILY HOUSE
01/27/2024 2:55,AGGRAVATED ASSAULT,SINGLE FAMILY HOUSE
01/27/2024 2:55,LARCENY-THEFT,STREET / ROADWAY / SIDEWALK
01/27/2024 3:09,DRUG OFFENSE,APARTMENT
01/27/2024 3:18,AGGRAVATED ASSAULT,BAR / LOUNG / NIGHT CLUB
01/27/2024 4:03,LARCENY-THEFT,STREET / ROADWAY / SIDEWALK
01/27/2024 4:50,AGGRAVATED ASSAULT,SINGLE FAMILY HOUSE
01/27/2024 20:00,LARCENY-THEFT,DEPARTMENT / DISCOUNT STORE
01/27/2024 20:00,MOTOR VEHICLE THEFT,HOTEL / MOTEL
01/27/2024 20:00,MOTOR VEHICLE THEFT,STREET / ROADWAY / SIDEWALK
01/27/2024 20:00,LARCENY-THEFT,CONDO / TOWNHOUSE
01/27/2024 21:00,AGGRAVATED ASSAULT,CONDO / TOWNHOUSE
01/27/2024 21:15,MOTOR VEHICLE THEFT,STREET / ROADWAY / SIDEWALK
01/27/2024 21:27,DRUG OFFENSE,STREET / ROADWAY / SIDEWALK
01/27/2024 21:30,LARCENY-THEFT,PARKING LOT
01/27/2024 21:31,LARCENY-THEFT,DEPARTMENT / DISCOUNT STORE
01/27/2024 21:43,ROBBERY,APARTMENT
01/27/2024 22:00,MOTOR VEHICLE THEFT,APARTMENT
01/27/2024 22:00,LARCENY-THEFT,APARTMENT
01/27/2024 22:00,MOTOR VEHICLE THEFT,APARTMENT
01/27/2024 22:00,LARCENY-THEFT,APARTMENT
01/27/2024 22:24,DRUG OFFENSE,BUS STOP
01/27/2024 22:26,DRUG OFFENSE,STREET / ROADWAY / SIDEWALK
01/27/2024 22:30,MOTOR VEHICLE THEFT,DRIVEWAY
01/27/2024 22:59,AGGRAVATED ASSAULT,PARK / PLAYGROUND
01/27/2024 23:00,MOTOR VEHICLE THEFT,APARTMENT
01/27/2024 23:00,LARCENY-THEFT,APARTMENT
01/27/2024 23:00,RAPE,SINGLE FAMILY HOUSE
01/27/2024 23:00,LARCENY-THEFT,CONDO / TOWNHOUSE
01/27/2024 23:00,LARCENY-THEFT,FAST FOOD STORE
01/27/2024 23:00,LARCENY-THEFT,CONVENIENCE MARKET / STORE
01/27/2024 23:00,MOTOR VEHICLE THEFT,APARTMENT
01/27/2024 23:30,LARCENY-THEFT,GARAGE
01/27/2024 23:58,MOTOR VEHICLE THEFT,APARTMENT
01/27/2024 23:59,LARCENY-THEFT,PARKING LOT
01/28/2024 0:00,LARCENY-THEFT,SINGLE FAMILY HOUSE
01/28/2024 0:00,MOTOR VEHICLE THEFT,APARTMENT
01/28/2024 0:00,LARCENY-THEFT,PARKING LOT
01/28/2024 0:00,LARCENY-THEFT,PARKING LOT
01/28/2024 0:00,LARCENY-THEFT,STREET / ROADWAY / SIDEWALK
01/28/2024 0:00,MOTOR VEHICLE THEFT,APARTMENT
01/28/2024 0:00,LARCENY-THEFT,SINGLE FAMILY HOUSE
01/28/2024 0:00,MOTOR VEHICLE THEFT,SPECIALTY STORE
01/28/2024 0:01,LARCENY-THEFT,WAREHOUSE / FACTORY
01/28/2024 0:01,LARCENY-THEFT,APARTMENT
01/28/2024 0:02,BURGLARY,DEPARTMENT / DISCOUNT STORE
01/28/2024 0:28,AGGRAVATED ASSAULT,SINGLE FAMILY HOUSE
01/28/2024 1:00,MOTOR VEHICLE THEFT,STREET / ROADWAY / SIDEWALK
01/28/2024 1:00,LARCENY-THEFT,VEHICLE
01/28/2024 1:00,BURGLARY,APARTMENT
01/28/2024 1:20,AGGRAVATED ASSAULT,SINGLE FAMILY HOUSE
01/28/2024 1:30,MOTOR VEHICLE THEFT,SINGLE FAMILY HOUSE
01/28/2024 1:45,AGGRAVATED ASSAULT,STREET / ROADWAY / SIDEWALK
01/28/2024 2:00,LARCENY-THEFT,PARKING LOT
01/28/2024 2:00,LARCENY-THEFT,RESTAURANT
01/28/2024 2:00,MOTOR VEHICLE THEFT,BAR / LOUNG / NIGHT CLUB
01/28/2024 2:05,DRUG OFFENSE,GAS / SERVICE STATION
01/28/2024 2:51,AGGRAVATED ASSAULT,APARTMENT
01/28/2024 3:00,RAPE,APARTMENT
01/28/2024 3:00,LARCENY-THEFT,PARKING LOT
01/28/2024 3:00,LARCENY-THEFT,PARKING LOT
01/28/2024 3:13,DRUG OFFENSE,STREET / ROADWAY / SIDEWALK
01/28/2024 3:20,AGGRAVATED ASSAULT,GAS / SERVICE STATION
01/28/2024 3:45,ROBBERY,STREET / ROADWAY / SIDEWALK
01/28/2024 4:00,MOTOR VEHICLE THEFT,APARTMENT
01/28/2024 4:00,AGGRAVATED ASSAULT,CONDO / TOWNHOUSE
01/28/2024 4:10,LARCENY-THEFT,SINGLE FAMILY HOUSE
01/28/2024 4:15,LARCENY-THEFT,DRIVEWAY
01/28/2024 4:42,AGGRAVATED ASSAULT,APARTMENT
01/28/2024 4:49,MOTOR VEHICLE THEFT,APARTMENT
01/28/2024 4:56,LARCENY-THEFT,VEHICLE
01/28/2024 20:00,MOTOR VEHICLE THEFT,VEHICLE
01/28/2024 20:03,LARCENY-THEFT,CONVENIENCE MARKET / STORE
01/28/2024 20:03,ROBBERY,BUS STOP
01/28/2024 20:05,LARCENY-THEFT,DEPARTMENT / DISCOUNT STORE
01/28/2024 20:06,LARCENY-THEFT,DEPARTMENT / DISCOUNT STORE
01/28/2024 20:20,AGGRAVATED ASSAULT,FAST FOOD STORE
01/28/2024 20:50,LARCENY-THEFT,DEPARTMENT / DISCOUNT STORE
01/28/2024 20:50,AGGRAVATED ASSAULT,APARTMENT
01/28/2024 21:00,LARCENY-THEFT,CARPORT
01/28/2024 21:46,LARCENY-THEFT,DEPARTMENT / DISCOUNT STORE
01/28/2024 22:00,MOTOR VEHICLE THEFT,APARTMENT
01/28/2024 22:00,LARCENY-THEFT,PARKING LOT
01/28/2024 22:05,LARCENY-THEFT,CONVENIENCE MARKET / STORE
01/28/2024 22:15,LARCENY-THEFT,DRUG STORE
01/28/2024 22:30,ROBBERY,STREET / ROADWAY / SIDEWALK
01/28/2024 22:30,BURGLARY,FAST FOOD STORE
01/28/2024 22:30,LARCENY-THEFT,FENCED COMMERCIAL YARD
01/28/2024 22:53,AGGRAVATED ASSAULT,APARTMENT
01/28/2024 23:05,LARCENY-THEFT,AIRPORT
01/28/2024 23:25,AGGRAVATED ASSAULT,STREET / ROADWAY / SIDEWALK
01/29/2024 0:00,LARCENY-THEFT,DEPARTMENT / DISCOUNT STORE
01/29/2024 0:00,LARCENY-THEFT,SCHOOL-ELEMENTARY/SECONDARY
01/29/2024 0:00,LARCENY-THEFT,SINGLE FAMILY HOUSE
01/29/2024 0:00,DRUG OFFENSE,BUS STOP
01/29/2024 0:00,ARSON,
01/29/2024 0:00,BURGLARY,APARTMENT
01/29/2024 0:00,AGGRAVATED ASSAULT,STREET / ROADWAY / SIDEWALK
01/29/2024 0:00,LARCENY-THEFT,APARTMENT
01/29/2024 0:00,LARCENY-THEFT,DRIVEWAY
01/29/2024 0:00,DRUG OFFENSE,ALLEY
01/29/2024 0:00,LARCENY-THEFT,CONDO / TOWNHOUSE
01/29/2024 0:00,LARCENY-THEFT,CONVENIENCE MARKET / STORE
01/29/2024 0:00,LARCENY-THEFT,SINGLE FAMILY HOUSE
01/29/2024 0:00,RAPE,SINGLE FAMILY HOUSE
01/29/2024 0:00,BURGLARY,APARTMENT
01/29/2024 0:00,LARCENY-THEFT,PARKING LOT
01/29/2024 0:19,LARCENY-THEFT,DRUG STORE
01/29/2024 0:30,LARCENY-THEFT,BUS STOP
01/29/2024 0:57,DRUG OFFENSE,STREET / ROADWAY / SIDEWALK
01/29/2024 1:18,LARCENY-THEFT,DRUG STORE
01/29/2024 1:25,AGGRAVATED ASSAULT,STREET / ROADWAY / SIDEWALK
01/29/2024 2:50,ROBBERY,GROCERY / SUPER MARKET
01/29/2024 3:00,MOTOR VEHICLE THEFT,APARTMENT
01/29/2024 3:00,LARCENY-THEFT,APARTMENT
01/29/2024 3:21,BURGLARY,APARTMENT
01/29/2024 3:21,DRUG OFFENSE,STREET / ROADWAY / SIDEWALK
01/29/2024 3:35,DRUG OFFENSE,PARKING LOT
01/29/2024 4:30,LARCENY-THEFT,VEHICLE
01/29/2024 4:40,LARCENY-THEFT,FENCED COMMERCIAL YARD
01/29/2024 20:00,LARCENY-THEFT,PARKING LOT
01/29/2024 20:30,BURGLARY,APARTMENT
01/29/2024 20:30,MOTOR VEHICLE THEFT,STREET / ROADWAY / SIDEWALK
01/29/2024 20:34,LARCENY-THEFT,DEPARTMENT / DISCOUNT STORE
01/29/2024 20:38,BURGLARY,MOBILE HOME
01/29/2024 20:46,MOTOR VEHICLE THEFT,CONVENIENCE MARKET / STORE
01/29/2024 21:00,DRUG OFFENSE,ALLEY
01/29/2024 21:00,LARCENY-THEFT,VEHICLE
01/29/2024 21:19,AGGRAVATED ASSAULT,STREET / ROADWAY / SIDEWALK
01/29/2024 21:20,RAPE,APARTMENT
01/29/2024 21:30,LARCENY-THEFT,CONVENIENCE MARKET / STORE
01/29/2024 21:30,LARCENY-THEFT,DEPARTMENT / DISCOUNT STORE
01/29/2024 21:30,LARCENY-THEFT,PARKING GARAGE
01/29/2024 21:31,AGGRAVATED ASSAULT,DEPARTMENT / DISCOUNT STORE
01/29/2024 21:45,LARCENY-THEFT,DRUG STORE
01/29/2024 22:00,ROBBERY,EASEMENT
01/29/2024 22:00,MOTOR VEHICLE THEFT,STREET / ROADWAY / SIDEWALK
01/29/2024 22:31,DRUG OFFENSE,PARKING LOT
01/29/2024 22:42,AGGRAVATED ASSAULT,STREET / ROADWAY / SIDEWALK
01/29/2024 22:43,AGGRAVATED ASSAULT,BAR / LOUNG / NIGHT CLUB
01/29/2024 23:16,BURGLARY,DEPARTMENT / DISCOUNT STORE
01/29/2024 23:21,LARCENY-THEFT,CONVENIENCE MARKET / STORE
01/29/2024 23:30,LARCENY-THEFT,STREET / ROADWAY / SIDEWALK
01/29/2024 23:45,MOTOR VEHICLE THEFT,STREET / ROADWAY / SIDEWALK
01/30/2024 0:00,LARCENY-THEFT,DRIVEWAY
01/30/2024 0:00,LARCENY-THEFT,MEDICAL OFFICE
01/30/2024 0:00,DRUG OFFENSE,OTHER
01/30/2024 0:00,LARCENY-THEFT,DEPARTMENT / DISCOUNT STORE
01/30/2024 0:00,LARCENY-THEFT,DRIVEWAY
01/30/2024 0:00,LARCENY-THEFT,PARKING LOT
01/30/2024 0:00,BURGLARY,STREET / ROADWAY / SIDEWALK
01/30/2024 0:00,LARCENY-THEFT,GAS / SERVICE STATION
01/30/2024 0:00,LARCENY-THEFT,STREET / ROADWAY / SIDEWALK
01/30/2024 0:01,LARCENY-THEFT,SINGLE FAMILY HOUSE
01/30/2024 0:01,LARCENY-THEFT,STREET / ROADWAY / SIDEWALK
01/30/2024 0:01,AGGRAVATED ASSAULT,APARTMENT
01/30/2024 0:26,LARCENY-THEFT,CONVENIENCE MARKET / STORE
01/30/2024 0:44,DRUG OFFENSE,VEHICLE
01/30/2024 0:57,BURGLARY,OFFICE / COMMERCIAL BUILDING
01/30/2024 0:58,MOTOR VEHICLE THEFT,STREET / ROADWAY / SIDEWALK
01/30/2024 1:00,MOTOR VEHICLE THEFT,STREET / ROADWAY / SIDEWALK
01/30/2024 1:01,MOTOR VEHICLE THEFT,DRIVEWAY
01/30/2024 1:09,DRUG OFFENSE,STREET / ROADWAY / SIDEWALK
01/30/2024 1:30,LARCENY-THEFT,CONVENIENCE MARKET / STORE
01/30/2024 1:45,LARCENY-THEFT,APARTMENT
01/30/2024 2:14,LARCENY-THEFT,DRIVEWAY
01/30/2024 2:15,ROBBERY,PARKING LOT
01/30/2024 2:29,AGGRAVATED ASSAULT,APARTMENT
01/30/2024 3:00,LARCENY-THEFT,STREET / ROADWAY / SIDEWALK
01/30/2024 3:00,LARCENY-THEFT,OTHER
01/30/2024 3:12,DRUG OFFENSE,PARK / PLAYGROUND
01/30/2024 3:17,MOTOR VEHICLE THEFT,SINGLE FAMILY HOUSE
01/30/2024 3:30,LARCENY-THEFT,DRIVEWAY
01/30/2024 3:36,BURGLARY,RESTAURANT
01/30/2024 4:10,LARCENY-THEFT,VEHICLE
01/30/2024 4:21,BURGLARY,DRUG STORE
01/30/2024 4:30,LARCENY-THEFT,CONVENIENCE MARKET / STORE
01/30/2024 4:30,LARCENY-THEFT,CONVENIENCE MARKET / STORE
01/30/2024 4:30,LARCENY-THEFT,MEDICAL OFFICE
01/30/2024 4:45,MOTOR VEHICLE THEFT,APARTMENT
01/30/2024 5:00,LARCENY-THEFT,PARKING LOT
01/30/2024 20:00,LARCENY-THEFT,GARAGE
01/30/2024 20:22,DRUG OFFENSE,GAS / SERVICE STATION
01/30/2024 20:28,LARCENY-THEFT,SPECIALTY STORE
01/30/2024 20:57,LARCENY-THEFT,RETAIL BUSINESS
01/30/2024 21:00,MOTOR VEHICLE THEFT,APARTMENT
01/30/2024 21:00,MOTOR VEHICLE THEFT,APARTMENT
01/30/2024 21:00,MOTOR VEHICLE THEFT,APARTMENT
01/30/2024 21:00,MOTOR VEHICLE THEFT,APARTMENT
01/30/2024 21:40,AGGRAVATED ASSAULT,DEPARTMENT / DISCOUNT STORE
01/30/2024 21:46,LARCENY-THEFT,DEPARTMENT / DISCOUNT STORE
01/30/2024 22:00,BURGLARY,STOREROOM/SHED (COMMERCIAL)
01/30/2024 22:00,MOTOR VEHICLE THEFT,STREET / ROADWAY / SIDEWALK
01/30/2024 22:00,LARCENY-THEFT,OFFICE / COMMERCIAL BUILDING
01/30/2024 22:27,DRUG OFFENSE,VEHICLE
01/30/2024 22:30,MOTOR VEHICLE THEFT,STREET / ROADWAY / SIDEWALK
01/30/2024 22:37,AGGRAVATED ASSAULT,SINGLE FAMILY HOUSE
01/30/2024 22:58,AGGRAVATED ASSAULT,SINGLE FAMILY HOUSE
01/30/2024 23:00,LARCENY-THEFT,STREET / ROADWAY / SIDEWALK
01/30/2024 23:10,AGGRAVATED ASSAULT,STREET / ROADWAY / SIDEWALK
01/30/2024 23:18,LARCENY-THEFT,PARKING LOT
01/30/2024 23:55,LARCENY-THEFT,CONVENIENCE MARKET / STORE
01/31/2024 0:00,AGGRAVATED ASSAULT,APARTMENT
01/31/2024 0:00,BURGLARY,MEDICAL OFFICE
01/31/2024 0:00,LARCENY-THEFT,SINGLE FAMILY HOUSE
01/31/2024 0:00,DRUG OFFENSE,BUS STOP
01/31/2024 0:00,BURGLARY,SINGLE FAMILY HOUSE
01/31/2024 0:00,DRUG OFFENSE,PARKING LOT
01/31/2024 0:00,DRUG OFFENSE,CONVENIENCE MARKET / STORE
01/31/2024 0:00,BURGLARY,SINGLE FAMILY HOUSE
01/31/2024 0:00,BURGLARY,STOREROOM/SHED (COMMERCIAL)
01/31/2024 0:00,BURGLARY,SINGLE FAMILY HOUSE
01/31/2024 0:00,DRUG OFFENSE,STREET / ROADWAY / SIDEWALK
01/31/2024 0:00,LARCENY-THEFT,MEDICAL OFFICE
01/31/2024 0:23,MOTOR VEHICLE THEFT,STREET / ROADWAY / SIDEWALK
01/31/2024 0:30,RAPE,ALLEY
01/31/2024 1:14,BURGLARY,STOREROOM/SHED (COMMERCIAL)
01/31/2024 1:18,BURGLARY,OFFICE / COMMERCIAL BUILDING
01/31/2024 2:00,LARCENY-THEFT,CONVENIENCE MARKET / STORE
01/31/2024 2:30,LARCENY-THEFT,STREET / ROADWAY / SIDEWALK
01/31/2024 3:19,LARCENY-THEFT,STREET / ROADWAY / SIDEWALK
01/31/2024 3:42,LARCENY-THEFT,DRUG STORE
01/31/2024 4:00,AGGRAVATED ASSAULT,HOSPITAL
01/31/2024 4:29,AGGRAVATED ASSAULT,STREET / ROADWAY / SIDEWALK
01/31/2024 4:29,DRUG OFFENSE,STREET / ROADWAY / SIDEWALK
01/31/2024 4:30,BURGLARY,SPECIALTY STORE
01/31/2024 5:00,MOTOR VEHICLE THEFT,CONSTRUCTION SITE
01/31/2024 5:00,AGGRAVATED ASSAULT,SPECIALTY STORE
01/31/2024 20:00,LARCENY-THEFT,APARTMENT
01/31/2024 20:00,LARCENY-THEFT,PARKING LOT
01/31/2024 20:30,AGGRAVATED ASSAULT,APARTMENT
01/31/2024 20:34,AGGRAVATED ASSAULT,LIQUOR STORE
01/31/2024 20:40,DRUG OFFENSE,BUS STOP
01/31/2024 20:40,LARCENY-THEFT,DEPARTMENT / DISCOUNT STORE
01/31/2024 20:42,AGGRAVATED ASSAULT,APARTMENT
01/31/2024 20:50,LARCENY-THEFT,DEPARTMENT / DISCOUNT STORE
01/31/2024 20:59,LARCENY-THEFT,SPECIALTY STORE
01/31/2024 21:00,LARCENY-THEFT,PARKING LOT
01/31/2024 21:00,LARCENY-THEFT,PARKING LOT
01/31/2024 21:06,AGGRAVATED ASSAULT,CONVENIENCE MARKET / STORE
01/31/2024 21:20,MOTOR VEHICLE THEFT,DEPARTMENT / DISCOUNT STORE
01/31/2024 21:30,MOTOR VEHICLE THEFT,AUTO DEALERSHIP NEW/USED
01/31/2024 22:00,ROBBERY,STREET / ROADWAY / SIDEWALK
01/31/2024 22:00,MOTOR VEHICLE THEFT,STREET / ROADWAY / SIDEWALK
01/31/2024 22:00,LARCENY-THEFT,DRIVEWAY
01/31/2024 22:22,AGGRAVATED ASSAULT,FAST FOOD STORE
01/31/2024 22:30,MOTOR VEHICLE THEFT,DRIVEWAY
01/31/2024 22:30,LARCENY-THEFT,PARKING LOT
01/31/2024 22:30,LARCENY-THEFT,APARTMENT
01/31/2024 22:57,LARCENY-THEFT,DEPARTMENT / DISCOUNT STORE
01/31/2024 23:00,BURGLARY,GARAGE
01/31/2024 23:00,MOTOR VEHICLE THEFT,STREET / ROADWAY / SIDEWALK
01/31/2024 23:17,LARCENY-THEFT,STOREROOM/SHED (COMMERCIAL)
01/31/2024 23:27,LARCENY-THEFT,CONVENIENCE MARKET / STORE
01/31/2024 23:30,LARCENY-THEFT,PARKING LOT
01/31/2024 23:30,AGGRAVATED ASSAULT,STREET / ROADWAY / SIDEWALK
01/31/2024 23:57,AGGRAVATED ASSAULT,APARTMENT